Date / Time,Temperature [C],DissolvedOxygen [mg/l],Turbidity [NTU],pH [Units],OxidationReductionPotential [mV ],SpecificConductivity [µs/cm]
10/12/2014 0:02,16.53,8.01,2.9,8.23,543,681
10/12/2014 0:05,16.53,7.99,2.9,8.23,542,680
10/12/2014 0:08,16.53,7.98,6.5,8.23,542,681
10/12/2014 0:11,16.52,8.02,2.9,8.24,543,681
10/12/2014 0:14,16.52,8.02,2.8,8.24,543,681
10/12/2014 0:17,16.51,8.03,2.8,8.24,543,681
10/12/2014 0:20,16.51,8.03,2.8,8.24,543,681
10/12/2014 0:23,16.51,8.02,2.6,8.24,544,681
10/12/2014 0:26,16.51,8,2.7,8.24,544,682
10/12/2014 0:29,16.5,8.01,2.8,8.23,543,682
10/12/2014 0:32,16.5,8,2.9,8.23,544,682
10/12/2014 0:35,16.5,7.96,3.1,8.23,544,681
10/12/2014 0:38,16.5,7.97,2.8,8.23,544,681
10/12/2014 0:41,16.49,7.97,2.6,8.23,544,681
10/12/2014 0:44,16.49,7.96,2.7,8.23,545,681
10/12/2014 0:47,16.49,7.98,2.7,8.22,544,680
10/12/2014 0:50,16.48,7.95,3.3,8.22,544,680
10/12/2014 0:53,16.48,7.96,4.2,8.22,544,679
10/12/2014 0:56,16.48,7.94,4.9,8.22,544,679
10/12/2014 0:59,16.47,7.97,4.7,8.22,544,679
10/12/2014 1:02,16.47,7.94,5,8.22,544,678
10/12/2014 1:05,16.47,7.95,6,8.22,544,675
10/12/2014 1:08,16.46,7.96,7.2,8.22,544,672
10/12/2014 1:11,16.46,7.96,7.1,8.22,544,669
10/12/2014 1:14,16.44,7.97,6.6,8.22,544,665
10/12/2014 1:17,16.45,7.94,7.1,8.21,543,661
10/12/2014 1:20,16.46,7.92,6.8,8.21,543,655
10/12/2014 1:23,16.49,7.9,7.6,8.2,541,649
10/12/2014 1:26,16.51,7.87,8,8.2,540,642
10/12/2014 1:29,16.54,7.83,7.9,8.19,538,634
10/12/2014 1:32,16.57,7.83,7.5,8.19,536,625
10/12/2014 1:35,16.58,7.81,7.2,8.19,535,622
10/12/2014 1:38,16.58,7.79,7.9,8.18,534,617
10/12/2014 1:41,16.58,7.78,8.2,8.17,533,612
10/12/2014 1:44,16.58,7.74,8.5,8.17,533,610
10/12/2014 1:47,16.57,7.74,8.5,8.16,533,607
10/12/2014 1:50,16.57,7.72,8.5,8.16,533,605
10/12/2014 1:53,16.56,7.76,8.8,8.16,533,604
10/12/2014 1:56,16.56,7.77,8.7,8.16,533,606
10/12/2014 1:59,16.54,7.74,8.2,8.16,533,608
10/12/2014 2:02,16.53,7.78,8,8.16,534,611
10/12/2014 2:05,16.51,7.8,7.5,8.16,534,615
10/12/2014 2:08,16.5,7.79,7.4,8.16,535,620
10/12/2014 2:11,16.48,7.82,7,8.16,535,624
10/12/2014 2:14,16.46,7.82,7,8.17,536,627
10/12/2014 2:17,16.44,7.82,7.2,8.16,536,629
10/12/2014 2:20,16.42,7.8,7.6,8.16,537,631
10/12/2014 2:23,16.41,7.78,99.6,8.15,537,631
10/12/2014 2:26,16.39,7.82,8.2,8.15,537,632
10/12/2014 2:29,16.38,7.82,8,8.15,537,632
10/12/2014 2:32,16.36,7.82,8.3,8.15,537,633
10/12/2014 2:35,16.35,7.81,8.1,8.15,537,633
10/12/2014 2:38,16.33,7.82,7.6,8.15,537,634
10/12/2014 2:41,16.33,7.85,7.7,8.15,538,634
10/12/2014 2:44,16.32,7.84,7.4,8.16,538,635
10/12/2014 2:47,16.31,7.82,7.2,8.16,538,636
10/12/2014 2:50,16.3,7.83,7.2,8.16,537,636
10/12/2014 2:53,16.3,7.86,6.8,8.17,537,636
10/12/2014 2:56,16.3,7.85,6.7,8.17,537,635
10/12/2014 2:59,16.3,7.84,6.5,8.16,537,634
10/12/2014 3:02,16.29,7.84,6.4,8.17,537,632
10/12/2014 3:05,16.29,7.82,6.5,8.16,537,628
10/12/2014 3:08,16.29,7.84,6.7,8.16,537,623
10/12/2014 3:11,16.29,7.86,6.8,8.16,537,615
10/12/2014 3:14,16.29,7.84,7.2,8.16,537,609
10/12/2014 3:17,16.29,7.87,18.8,8.16,536,595
10/12/2014 3:20,16.29,7.83,8.6,8.17,534,578
10/12/2014 3:23,16.28,7.85,9.8,8.17,532,561
10/12/2014 3:26,16.29,7.89,11.3,8.18,526,521
10/12/2014 3:29,16.32,7.92,12.6,8.19,514,469
10/12/2014 3:32,16.38,7.98,14.6,8.18,500,440
10/12/2014 3:35,16.49,7.91,17,8.18,491,411
10/12/2014 3:38,16.57,7.86,19.6,8.17,487,393
10/12/2014 3:41,16.5,7.94,19.3,8.17,488,374
10/12/2014 3:44,16.42,8.02,19.7,8.18,489,364
10/12/2014 3:47,16.35,8.06,20.1,8.18,490,361
10/12/2014 3:50,16.33,8.01,20.6,8.18,491,360
10/12/2014 3:53,16.31,7.99,21.1,8.17,492,363
10/12/2014 3:56,16.29,7.89,21.3,8.17,493,370
10/12/2014 3:59,16.28,7.88,20.2,8.18,494,374
10/12/2014 4:02,16.29,7.86,18.9,8.18,494,374
10/12/2014 4:05,16.3,7.85,16.9,8.18,494,371
10/12/2014 4:08,16.3,7.83,16.3,8.17,495,374
10/12/2014 4:11,16.29,7.79,15.5,8.17,495,379
10/12/2014 4:14,16.29,7.8,15.2,8.16,496,383
10/12/2014 4:17,16.27,7.81,14.7,8.16,496,392
10/12/2014 4:20,16.26,7.73,14.1,8.16,498,402
10/12/2014 4:23,16.24,7.77,14.1,8.16,499,413
10/12/2014 4:26,16.23,7.73,13.2,8.16,501,428
10/12/2014 4:29,16.21,7.71,13.1,8.16,502,437
10/12/2014 4:32,16.2,7.74,12.4,8.16,504,444
10/12/2014 4:35,16.19,7.71,11.4,8.16,505,453
10/12/2014 4:38,16.17,7.7,11,8.16,506,457
10/12/2014 4:41,16.16,7.72,10.1,8.16,507,464
10/12/2014 4:44,16.14,7.71,9.6,8.15,508,470
10/12/2014 4:47,16.12,7.72,9.5,8.15,510,479
10/12/2014 4:50,16.1,7.7,9.4,8.15,511,486
10/12/2014 4:53,16.08,7.73,9.3,8.15,512,493
10/12/2014 4:56,16.05,7.64,9.1,8.16,513,501
10/12/2014 4:59,16.04,7.63,9.2,8.16,514,506
10/12/2014 5:02,16.02,7.62,9,8.16,515,509
10/12/2014 5:05,16,7.64,8.5,8.16,516,511
10/12/2014 5:08,15.99,7.66,8.8,8.16,517,511
10/12/2014 5:11,15.99,7.66,8.8,8.16,518,511
10/12/2014 5:14,15.99,7.65,8.7,8.16,518,508
10/12/2014 5:17,15.98,7.64,8.5,8.15,519,506
10/12/2014 5:20,15.98,7.68,8.5,8.15,520,502
10/12/2014 5:23,15.97,7.63,8.4,8.14,520,499
10/12/2014 5:26,15.98,7.63,8.9,8.14,521,497
10/12/2014 5:29,15.97,7.6,10,8.13,522,495
10/12/2014 5:32,15.98,7.65,14.1,8.13,522,493
10/12/2014 5:35,15.97,7.69,11.7,8.13,522,492
10/12/2014 5:38,15.97,7.67,10.9,8.12,523,492
10/12/2014 5:41,15.98,7.64,9.6,8.12,523,493
10/12/2014 5:44,15.97,7.65,8.7,8.12,524,495
10/12/2014 5:47,15.97,7.66,8.2,8.11,525,496
10/12/2014 5:50,15.98,7.67,7.8,8.11,525,498
10/12/2014 5:53,15.97,7.65,7.7,8.11,526,500
10/12/2014 5:56,15.97,7.67,8.1,8.11,526,503
10/12/2014 5:59,15.96,7.67,8.6,8.11,527,506
10/12/2014 6:02,15.96,7.66,8.7,8.11,527,509
10/12/2014 6:05,15.96,7.69,8.6,8.11,527,512
10/12/2014 6:08,15.95,7.78,8.4,8.1,528,515
10/12/2014 6:11,15.96,7.78,7.8,8.1,528,518
10/12/2014 6:14,15.96,7.79,7.4,8.1,529,522
10/12/2014 6:17,15.95,7.82,7,8.11,529,525
10/12/2014 6:20,15.95,7.78,6.2,8.1,529,529
10/12/2014 6:23,15.95,7.79,6.1,8.11,530,532
10/12/2014 6:26,15.94,7.81,6.1,8.11,530,536
10/12/2014 6:29,15.93,7.81,5.7,8.11,530,539
10/12/2014 6:32,15.91,7.84,5.7,8.11,531,543
10/12/2014 6:35,15.92,7.8,5.5,8.11,531,546
10/12/2014 6:38,15.91,7.84,5.3,8.11,531,549
10/12/2014 6:41,15.91,7.84,5.2,8.11,532,551
10/12/2014 6:44,15.88,7.82,5.2,8.11,532,554
10/12/2014 6:47,15.88,7.84,5.1,8.11,532,555
10/12/2014 6:50,15.87,7.84,5.3,8.11,533,551
10/12/2014 6:53,15.77,7.93,8.4,8.13,532,519
10/12/2014 6:56,15.7,7.96,8.7,8.13,531,497
10/12/2014 6:59,15.64,8.07,11.1,8.15,527,428
10/12/2014 7:02,15.67,8.18,10.5,8.16,523,378
10/12/2014 7:05,15.85,8.17,14.1,8.16,517,289
10/12/2014 7:08,15.36,8.41,21.9,8.17,513,231
10/12/2014 7:11,14.98,8.63,24.2,8.17,509,196
10/12/2014 7:14,14.87,8.61,24.9,8.16,507,185
10/12/2014 7:17,14.83,8.59,27.3,8.13,508,192
10/12/2014 7:20,14.86,8.56,32.1,8.15,506,188
10/12/2014 7:23,14.87,8.58,32.4,8.17,503,168
10/12/2014 7:26,14.9,8.55,32.8,8.19,500,156
10/12/2014 7:29,14.87,8.58,34.4,8.18,498,147
10/12/2014 7:32,14.75,8.58,30.8,8.13,498,158
10/12/2014 7:35,14.72,8.38,28.9,8.12,500,186
10/12/2014 7:38,14.66,8.44,30.2,8.14,500,217
10/12/2014 7:41,14.63,8.37,35.5,8.17,501,240
10/12/2014 7:44,14.55,8.43,40.1,8.2,500,245
10/12/2014 7:47,14.2,8.62,114.7,8.22,495,176
10/12/2014 7:50,13.84,8.77,45.4,8.24,490,116
10/12/2014 7:53,13.6,8.9,54.9,8.23,488,91
10/12/2014 7:56,13.45,9.04,68.6,8.25,489,85
10/12/2014 7:59,13.45,9.08,83.3,8.21,491,87
10/12/2014 8:02,13.53,9.04,84.5,8.22,493,92
10/12/2014 8:05,13.53,9.05,80.5,8.22,495,101
10/12/2014 8:08,13.58,9.05,82.5,8.23,495,97
10/12/2014 8:11,13.47,9.05,89.8,8.26,493,78
10/12/2014 8:14,13.41,9.03,84.5,8.23,493,68
10/12/2014 8:17,13.35,9.1,79.5,8.21,495,67
10/12/2014 8:20,13.38,9.05,83.1,8.17,498,74
10/12/2014 8:23,13.4,9.05,83.5,8.15,500,80
10/12/2014 8:26,13.41,9.01,79.4,8.14,501,80
10/12/2014 8:29,13.39,9.02,75.5,8.14,502,76
10/12/2014 8:32,13.38,9.07,71.7,8.15,503,72
10/12/2014 8:35,13.36,9.05,66.2,8.13,504,70
10/12/2014 8:38,13.36,8.95,64.3,8.13,505,72
10/12/2014 8:41,13.37,8.94,61.6,8.09,509,77
10/12/2014 8:44,13.38,8.92,61.8,8.08,510,81
10/12/2014 8:47,13.37,8.91,57.5,8.08,512,84
10/12/2014 8:50,13.38,8.93,57.5,8.08,512,84
10/12/2014 8:53,13.38,8.94,57,8.08,513,84
10/12/2014 8:56,13.4,8.9,57.4,8.08,514,84
10/12/2014 8:59,13.42,8.85,58.7,8.06,515,84
10/12/2014 9:02,13.46,8.84,58.6,8.04,517,85
10/12/2014 9:05,13.5,8.83,58.6,8.05,518,86
10/12/2014 9:08,13.53,8.79,57.9,8.05,519,86
10/12/2014 9:11,13.55,8.79,57.1,8.06,520,87
10/12/2014 9:14,13.57,8.76,57.1,8.06,521,89
10/12/2014 9:17,13.6,8.73,56.2,8.05,523,91
10/12/2014 9:20,13.63,8.71,55.4,8.03,524,93
10/12/2014 9:23,13.66,8.7,53.8,8.03,526,96
10/12/2014 9:26,13.7,8.67,54.2,8.04,526,99
10/12/2014 9:29,13.73,8.66,54.2,8.02,528,100
10/12/2014 9:32,13.74,8.65,56,8.02,529,101
10/12/2014 9:35,13.74,8.66,52,8.01,529,101
10/12/2014 9:38,13.74,8.7,48.2,8.01,530,101
10/12/2014 9:41,13.7,8.73,48.1,7.99,531,98
10/12/2014 9:44,13.66,8.79,45.3,8.02,529,92
10/12/2014 9:47,13.59,8.87,41.1,8.04,527,84
10/12/2014 9:50,13.51,8.91,39.6,8.05,526,78
10/12/2014 9:53,13.45,8.95,41.2,8.07,526,75
10/12/2014 9:56,13.41,8.97,45.2,8.07,522,73
10/12/2014 9:59,13.38,8.98,53.6,8.08,517,69
10/12/2014 10:02,13.33,9.06,64.3,8.04,513,68
10/12/2014 10:05,13.3,9.04,73.2,8.03,511,67
10/12/2014 10:08,13.26,9.06,78.3,8.05,508,64
10/12/2014 10:11,13.23,9.06,79.5,8.03,508,63
10/12/2014 10:14,13.22,9.05,83.7,8.04,506,63
10/12/2014 10:17,13.21,9.04,85.8,8.04,506,65
10/12/2014 10:20,13.21,9.05,84.4,8.04,506,67
10/12/2014 10:23,13.22,9.01,86.9,8.05,506,69
10/12/2014 10:26,13.24,8.98,95,8.02,508,72
10/12/2014 10:29,13.28,8.98,102,8.03,508,74
10/12/2014 10:32,13.29,8.94,106.4,8.04,508,75
10/12/2014 10:35,13.31,8.96,107.6,8.04,509,74
10/12/2014 10:38,13.35,8.95,100.4,8.02,510,77
10/12/2014 10:41,13.38,8.92,96.6,8.03,509,80
10/12/2014 10:44,13.41,8.89,93.4,8.01,510,83
10/12/2014 10:47,13.43,8.84,88.5,8.01,510,86
10/12/2014 10:50,13.44,8.69,85.3,8.03,510,89
10/12/2014 10:53,13.47,8.66,79.3,8,512,91
10/12/2014 10:56,13.48,8.64,73.6,8,513,94
10/12/2014 10:59,13.51,8.65,70.1,8,514,97
10/12/2014 11:02,13.54,8.63,68.2,7.99,515,100
10/12/2014 11:05,13.55,8.59,65,7.98,515,102
10/12/2014 11:08,13.58,8.59,63.1,7.98,516,106
10/12/2014 11:11,13.63,8.59,59.4,7.97,517,111
10/12/2014 11:14,13.66,8.59,55.9,7.96,517,115
10/12/2014 11:17,13.7,8.55,51.9,7.96,518,118
10/12/2014 11:20,13.73,8.49,52,7.96,518,122
10/12/2014 11:23,13.76,8.48,51.3,7.95,519,125
10/12/2014 11:26,13.79,8.49,49.4,7.95,519,128
10/12/2014 11:29,13.81,8.49,49.6,7.96,520,130
10/12/2014 11:32,13.82,8.49,47.5,7.96,520,134
10/12/2014 11:35,13.85,8.47,47.5,7.96,521,137
10/12/2014 11:38,13.87,8.46,46.2,7.96,521,139
10/12/2014 11:41,13.89,8.44,46,7.95,522,145
10/12/2014 11:44,13.91,8.44,44,7.96,522,148
10/12/2014 11:47,13.94,8.41,43,7.96,522,153
10/12/2014 11:50,13.96,8.36,44.5,7.95,523,156
10/12/2014 11:53,13.98,8.39,41.6,7.96,523,159
10/12/2014 11:56,14.01,8.41,41.6,7.95,524,163
10/12/2014 11:59,14.03,8.33,39.6,7.96,524,165
10/12/2014 12:02,14.04,8.34,39.2,7.96,524,168
10/12/2014 12:05,14.05,8.36,38.7,7.96,525,170
10/12/2014 12:08,14.07,8.33,37.9,7.96,525,174
10/12/2014 12:11,14.08,8.33,38.4,7.97,525,175
10/12/2014 12:14,14.1,8.27,37.4,7.97,526,178
10/12/2014 12:17,14.11,8.3,36.5,7.96,526,182
10/12/2014 12:20,14.13,8.27,37.3,7.97,527,185
10/12/2014 12:23,14.14,8.28,36.9,7.96,527,188
10/12/2014 12:26,14.15,8.29,37.4,7.96,528,191
10/12/2014 12:29,14.17,8.26,38.1,7.96,528,194
10/12/2014 12:32,14.18,8.25,35.9,7.96,529,197
10/12/2014 12:35,14.19,8.21,34.9,7.96,529,201
10/12/2014 12:38,14.2,8.22,35,7.96,530,202
10/12/2014 12:41,14.22,8.22,34.9,7.96,530,206
10/12/2014 12:44,14.23,8.17,33.4,7.96,531,210
10/12/2014 12:47,14.24,8.13,32.5,7.96,531,212
10/12/2014 12:50,14.26,8.15,32.4,7.96,532,215
10/12/2014 12:53,14.27,8.14,33.1,7.96,532,218
10/12/2014 12:56,14.29,8.1,32.1,7.96,532,221
10/12/2014 12:59,14.3,8.08,31.6,7.96,533,224
10/12/2014 13:02,14.32,8.09,31.8,7.96,533,228
10/12/2014 13:05,14.32,8.1,31.1,7.96,534,231
10/12/2014 13:08,14.34,8.05,31,7.96,534,234
10/12/2014 13:11,14.35,8.05,30.5,7.97,534,236
10/12/2014 13:14,14.36,8.05,30,7.97,534,240
10/12/2014 13:17,14.38,7.98,29.9,7.97,534,243
10/12/2014 13:20,14.39,7.94,30.3,7.97,535,246
10/12/2014 13:23,14.4,7.9,29.2,7.97,535,249
10/12/2014 13:26,14.42,7.94,28.7,7.98,535,252
10/12/2014 13:29,14.43,7.91,29,7.97,535,254
10/12/2014 13:32,14.44,7.94,29.2,7.98,536,258
10/12/2014 13:35,14.45,7.91,31.9,7.98,536,260
10/12/2014 13:38,14.47,7.91,29.6,7.98,536,264
10/12/2014 13:41,14.48,7.87,28.6,7.98,536,267
10/12/2014 13:44,14.49,7.84,28.6,7.98,536,269
10/12/2014 13:47,14.5,7.84,27.4,7.98,536,273
10/12/2014 13:50,14.51,7.83,27.5,7.98,537,275
10/12/2014 13:53,14.52,7.83,26.7,7.98,537,278
10/12/2014 13:56,14.53,7.82,27,7.98,537,281
10/12/2014 13:59,14.54,7.94,27.4,7.99,537,284
10/12/2014 14:02,14.55,7.89,26.7,7.99,537,287
10/12/2014 14:05,14.57,7.89,26.9,7.99,537,290
10/12/2014 14:08,14.58,7.92,25.9,7.99,538,292
10/12/2014 14:11,14.59,7.88,25.6,7.99,538,295
10/12/2014 14:14,14.62,7.9,26.9,8,538,297
10/12/2014 14:17,14.66,7.88,24.9,7.99,538,298
10/12/2014 14:20,14.7,7.74,24.6,7.99,537,300
10/12/2014 14:23,14.74,7.84,23.4,7.98,537,303
10/12/2014 14:26,14.77,7.91,23.8,7.98,537,303
10/12/2014 14:29,14.79,7.87,25.5,7.99,537,302
10/12/2014 14:32,14.81,7.89,24.8,7.99,537,303
10/12/2014 14:35,14.82,7.84,23.4,7.99,537,304
10/12/2014 14:38,14.84,7.86,22.8,7.99,537,303
10/12/2014 14:41,14.87,7.9,23.5,7.98,537,303
10/12/2014 14:44,14.89,7.83,23.7,7.98,537,302
10/12/2014 14:47,14.9,7.92,23.9,7.98,536,302
10/12/2014 14:50,14.9,7.8,23.7,7.98,536,302
10/12/2014 14:53,14.9,7.86,23.8,7.98,536,304
10/12/2014 14:56,14.9,7.92,23,7.98,535,305
10/12/2014 14:59,14.9,7.85,23.3,7.99,535,307
10/12/2014 15:02,14.91,7.87,23,7.99,534,309
10/12/2014 15:05,14.91,7.77,22.8,7.99,534,310
10/12/2014 15:08,14.91,7.87,22.3,7.98,534,313
10/12/2014 15:11,14.91,7.86,22.4,7.99,534,315
10/12/2014 15:14,14.9,7.87,22.1,7.99,534,318
10/12/2014 15:17,14.89,7.75,21.6,7.99,534,320
10/12/2014 15:20,14.9,7.84,21.5,7.99,534,323
10/12/2014 15:23,14.89,7.75,21.8,7.99,534,326
10/12/2014 15:26,14.9,7.82,21.1,8,534,329
10/12/2014 15:29,14.9,7.79,21,8,534,331
10/12/2014 15:32,14.9,7.69,20.8,7.99,534,334
10/12/2014 15:35,14.91,7.7,20.9,7.99,534,337
10/12/2014 15:38,14.91,7.77,20,8,534,340
10/12/2014 15:41,14.92,7.68,19.9,8,534,343
10/12/2014 15:44,14.93,7.78,19.2,8,534,347
10/12/2014 15:47,14.94,7.75,19.7,8,534,350
10/12/2014 15:50,14.95,7.66,19.5,8,534,354
10/12/2014 15:53,14.96,7.66,18.3,8,535,357
10/12/2014 15:56,14.96,7.69,18.4,8.01,535,360
10/12/2014 15:59,14.97,7.57,18,8.01,535,363
10/12/2014 16:02,14.97,7.65,18.1,8.01,535,367
10/12/2014 16:05,14.98,7.65,17.8,8.02,535,370
10/12/2014 16:08,14.98,7.6,17.2,8.02,535,372
10/12/2014 16:11,14.98,7.62,17.3,8.02,535,375
10/12/2014 16:14,14.99,7.57,16.8,8.03,535,377
10/12/2014 16:17,14.99,7.72,17,8.03,535,379
10/12/2014 16:20,14.99,7.58,16.9,8.03,535,382
10/12/2014 16:23,15.01,7.67,16.6,8.03,535,385
10/12/2014 16:26,15.01,7.68,15.9,8.03,535,386
10/12/2014 16:29,15.01,7.56,15.8,8.03,535,388
10/12/2014 16:32,15.01,7.65,15.9,8.03,535,390
10/12/2014 16:35,15.01,7.62,15.8,8.04,531,392
10/12/2014 16:38,15.02,7.58,15.5,8.04,532,394
10/12/2014 16:41,15.02,7.61,15.5,8.04,533,396
10/12/2014 16:44,15.02,7.65,15.3,8.04,533,398
10/12/2014 16:47,15.02,7.59,15.1,8.04,534,400
10/12/2014 16:50,15.02,7.59,14.8,8.04,534,402
10/12/2014 16:53,15.03,7.57,14.9,8.05,534,404
10/12/2014 16:56,15.04,7.56,15,8.05,535,406
10/12/2014 16:59,15.04,7.55,14.6,8.05,535,408
10/12/2014 17:02,15.05,7.47,14.6,8.05,535,410
10/12/2014 17:05,15.05,7.62,14.6,8.05,536,412
10/12/2014 17:08,15.05,7.59,14.7,8.05,536,414
10/12/2014 17:11,15.05,7.5,15.8,8.05,536,415
10/12/2014 17:14,15.05,7.48,15.4,8.06,536,417
10/12/2014 17:17,15.05,7.42,14.9,8.06,536,418
10/12/2014 17:20,15.05,7.41,15.1,8.06,535,420
10/12/2014 17:23,15.05,7.48,14.7,8.06,535,422
10/12/2014 17:26,15.05,7.48,14.5,8.07,535,424
10/12/2014 17:29,15.05,7.45,14.6,8.07,534,426
10/12/2014 17:32,15.05,7.39,14.4,8.07,534,427
10/12/2014 17:35,15.05,7.39,14.6,8.07,535,429
10/12/2014 17:38,15.05,7.42,14.2,8.07,535,431
10/12/2014 17:41,15.05,7.41,14.2,8.07,535,432
10/12/2014 17:44,15.05,7.36,13.8,8.07,535,433
10/12/2014 17:47,15.05,7.49,13.7,8.07,535,435
10/12/2014 17:50,15.05,7.38,13.7,8.08,535,437
10/12/2014 17:53,15.05,7.4,13.6,8.08,535,438
10/12/2014 17:56,15.05,7.43,13.4,8.08,535,439
10/12/2014 17:59,15.05,7.36,13.6,8.08,535,442
10/12/2014 18:02,15.05,7.27,13.1,8.08,535,443
10/12/2014 18:05,15.06,7.41,13.2,8.08,536,444
10/12/2014 18:08,15.06,7.43,12.8,8.08,536,445
10/12/2014 18:11,15.06,7.38,12.8,8.08,536,447
10/12/2014 18:14,15.05,7.4,12.7,8.08,536,448
10/12/2014 18:17,15.05,7.36,12.6,8.08,536,450
10/12/2014 18:20,15.05,7.4,12.7,8.09,536,451
10/12/2014 18:23,15.05,7.35,12.5,8.09,536,452
10/12/2014 18:26,15.05,7.36,12.4,8.09,536,453
10/12/2014 18:29,15.05,7.39,12.3,8.09,537,455
10/12/2014 18:32,15.06,7.32,12.5,8.09,537,456
10/12/2014 18:35,15.05,7.34,12.5,8.09,537,458
10/12/2014 18:38,15.04,7.46,12.4,8.09,537,458
10/12/2014 18:41,15.04,7.38,12.3,8.09,537,459
10/12/2014 18:44,15.04,7.4,12.1,8.09,538,461
10/12/2014 18:47,15.04,7.48,12.2,8.09,538,462
10/12/2014 18:50,15.05,7.33,12.1,8.09,538,463
10/12/2014 18:53,15.05,7.33,12.1,8.09,538,464
10/12/2014 18:56,15.05,7.32,11.9,8.09,539,465
10/12/2014 18:59,15.04,7.46,11.9,8.09,539,466
10/12/2014 19:02,15.04,7.4,12,8.09,538,467
10/12/2014 19:05,15.04,7.33,11.6,8.09,508,468
10/12/2014 19:08,15.04,7.42,11.9,8.09,513,469
10/12/2014 19:11,15.04,7.45,11.8,8.1,518,470
10/12/2014 19:14,15.04,7.41,11.7,8.1,521,471
10/12/2014 19:17,15.04,7.31,11.6,8.1,523,472
10/12/2014 19:20,15.05,7.32,11.9,8.1,525,473
10/12/2014 19:23,15.04,7.37,11.7,8.09,527,474
10/12/2014 19:26,15.04,7.33,11.4,8.1,528,475
10/12/2014 19:29,15.05,7.29,11.4,8.1,529,477
10/12/2014 19:32,15.05,7.38,11.4,8.1,529,477
10/12/2014 19:35,15.05,7.37,11.6,8.1,530,478
10/12/2014 19:38,15.04,7.25,11.5,8.1,531,479
10/12/2014 19:41,15.04,7.35,11.5,8.1,517,479
10/12/2014 19:44,15.05,7.31,11.1,8.1,519,480
10/12/2014 19:47,15.04,7.33,11.1,8.1,522,481
10/12/2014 19:50,15.03,7.35,10.9,8.1,524,481
10/12/2014 19:53,15.03,7.43,11.1,8.11,525,482
10/12/2014 19:56,15.03,7.27,10.9,8.11,527,483
10/12/2014 19:59,15.03,7.32,11.1,8.11,528,483
10/12/2014 20:02,15.04,7.42,10.8,8.1,529,484
10/12/2014 20:05,15.04,7.3,10.8,8.1,530,485
10/12/2014 20:08,15.03,7.3,10.7,8.1,531,486
10/12/2014 20:11,15.03,7.19,10.8,8.11,531,486
10/12/2014 20:14,15.02,7.32,10.6,8.1,532,487
10/12/2014 20:17,15.03,7.3,10.9,8.11,532,488
10/12/2014 20:20,15.03,7.36,10.9,8.11,533,488
10/12/2014 20:23,15.04,7.31,10.7,8.11,533,489
10/12/2014 20:26,15.04,7.38,10.7,8.11,534,490
10/12/2014 20:29,15.05,7.37,10.5,8.11,534,490
10/12/2014 20:32,15.04,7.28,10.3,8.11,535,491
10/12/2014 20:35,15.04,7.34,10.4,8.11,535,491
10/12/2014 20:38,15.04,7.24,10.3,8.11,535,492
10/12/2014 20:41,15.04,7.3,10.2,8.1,536,493
10/12/2014 20:44,15.04,7.38,10,8.11,536,493
10/12/2014 20:47,15.04,7.33,10.1,8.11,536,494
10/12/2014 20:50,15.04,7.4,10.3,8.11,537,494
10/12/2014 20:53,15.04,7.37,10.4,8.11,537,495
10/12/2014 20:56,15.04,7.33,10.9,8.11,537,496
10/12/2014 20:59,15.04,7.3,10.4,8.11,538,496
10/12/2014 21:02,15.04,7.31,10,8.11,538,497
10/12/2014 21:05,15.04,7.38,9.8,8.11,538,497
10/12/2014 21:08,15.04,7.39,9.9,8.11,539,498
10/12/2014 21:11,15.04,7.2,9.8,8.11,539,499
10/12/2014 21:14,15.03,7.29,9.5,8.12,539,500
10/12/2014 21:17,15.03,7.35,9.6,8.12,539,500
10/12/2014 21:20,15.03,7.32,9.7,8.12,540,501
10/12/2014 21:23,15.03,7.24,9.5,8.11,540,502
10/12/2014 21:26,15.03,7.32,9.4,8.12,540,503
10/12/2014 21:29,15.02,7.32,9.2,8.12,541,503
10/12/2014 21:32,15.02,7.32,9.6,8.12,541,504
10/12/2014 21:35,15.02,7.39,9.9,8.12,541,505
10/12/2014 21:38,15.03,7.34,9.8,8.12,541,506
10/12/2014 21:41,15.03,7.3,10,8.12,542,506
10/12/2014 21:44,15.04,7.21,9.8,8.12,542,507
10/12/2014 21:47,15.04,7.19,9.7,8.12,542,508
10/12/2014 21:50,15.05,7.26,9.4,8.12,542,509
10/12/2014 21:53,15.05,7.27,9.2,8.12,542,509
10/12/2014 21:56,15.04,7.32,8.9,8.12,542,510
10/12/2014 21:59,15.03,7.21,8.9,8.12,542,511
10/12/2014 22:02,15.03,7.28,8.8,8.12,542,512
10/12/2014 22:05,15.04,7.25,8.7,8.12,542,513
10/12/2014 22:08,15.04,7.36,8.8,8.12,542,513
10/12/2014 22:11,15.05,7.3,8.4,8.12,542,514
10/12/2014 22:14,15.05,7.4,8.6,8.12,542,515
10/12/2014 22:17,15.04,7.33,8.5,8.12,542,516
10/12/2014 22:20,15.05,7.32,8.3,8.12,542,517
10/12/2014 22:23,15.04,7.32,8.4,8.12,542,517
10/12/2014 22:26,15.04,7.16,8.3,8.12,543,518
10/12/2014 22:29,15.04,7.32,8.3,8.12,543,519
10/12/2014 22:32,15.04,7.23,8.2,8.12,543,520
10/12/2014 22:35,15.05,7.25,8.6,8.12,543,521
10/12/2014 22:38,15.05,7.29,8.2,8.12,543,522
10/12/2014 22:41,15.05,7.28,8.5,8.12,543,522
10/12/2014 22:44,15.05,7.23,8.2,8.12,543,523
10/12/2014 22:47,15.06,7.23,8.1,8.12,544,525
10/12/2014 22:50,15.06,7.27,8,8.12,543,526
10/12/2014 22:53,15.06,7.25,7.8,8.12,543,526
10/12/2014 22:56,15.06,7.33,8,8.12,543,527
10/12/2014 22:59,15.05,7.22,8,8.12,542,528
10/12/2014 23:02,15.06,7.29,7.9,8.12,542,529
10/12/2014 23:05,15.06,7.23,8,8.12,543,530
10/12/2014 23:08,15.07,7.15,7.9,8.12,543,531
10/12/2014 23:11,15.07,7.31,7.7,8.12,544,531
10/12/2014 23:14,15.07,7.11,7.6,8.12,544,533
10/12/2014 23:17,15.08,7.24,7.6,8.12,544,534
10/12/2014 23:20,15.08,7.3,7.6,8.12,545,535
10/12/2014 23:23,15.08,7.12,7.5,8.12,545,535
10/12/2014 23:26,15.08,7.28,7.9,8.12,545,536
10/12/2014 23:29,15.08,7.28,7.6,8.12,545,537
10/12/2014 23:32,15.08,7.16,7.6,8.12,545,538
10/12/2014 23:35,15.08,7.06,7.4,8.12,546,539
10/12/2014 23:38,15.08,7.24,7.5,8.12,545,539
10/12/2014 23:41,15.07,7.07,7.5,8.12,545,540
10/12/2014 23:44,15.08,7.21,7.4,8.12,546,542
10/12/2014 23:47,15.09,7.17,7.5,8.12,546,543
10/12/2014 23:50,15.09,7.3,7.1,8.12,546,544
10/12/2014 23:53,15.08,7.22,7.2,8.12,546,545
10/12/2014 23:56,15.08,7.13,60.9,8.12,546,545
10/12/2014 23:59,15.08,7.32,6.9,8.12,547,547
10/13/2014 0:02,15.08,7.15,6.9,8.13,547,548
10/13/2014 0:05,15.08,7.12,6.9,8.13,547,549
10/13/2014 0:08,15.08,7.11,7.2,8.13,547,549
10/13/2014 0:11,15.05,7.13,10.1,8.13,547,538
10/13/2014 0:14,14.96,7.29,13.1,8.14,546,513
10/13/2014 0:17,14.93,7.46,14.1,8.13,544,484
10/13/2014 0:20,15.01,7.57,12.7,8.14,539,433
10/13/2014 0:23,15.35,7.51,10.7,8.11,534,400
10/13/2014 0:26,15.44,7.44,11.2,8.08,532,380
10/13/2014 0:29,15.23,7.49,17.1,8.09,528,363
10/13/2014 0:32,15.13,7.57,18.3,8.09,525,374
10/13/2014 0:35,15.09,7.49,18.1,8.08,524,390
10/13/2014 0:38,15.07,7.43,19.3,8.06,524,404
10/13/2014 0:41,15.07,7.43,20.8,8.04,523,412
10/13/2014 0:44,15.07,7.33,22.7,8.04,520,413
10/13/2014 0:47,15.08,7.36,23.9,8.04,517,415
10/13/2014 0:50,15.11,7.33,23.6,8.04,515,423
10/13/2014 0:53,15.12,7.27,22.9,8.04,515,433
10/13/2014 0:56,15.1,7.23,21.5,8.08,514,449
10/13/2014 0:59,15.08,7.27,18.5,8.16,513,468
10/13/2014 1:02,15.07,7.31,17,8.25,496,480
10/13/2014 1:05,15.06,7.38,15.6,8.34,500,490
10/13/2014 1:08,15.05,7.18,14.9,8.38,501,495
10/13/2014 1:11,15.05,7.34,14.2,8.41,502,501
10/13/2014 1:14,15.05,7.3,12.7,8.41,503,505
10/13/2014 1:17,15.05,7.19,12.5,8.39,504,509
10/13/2014 1:20,15.04,7.34,11.8,8.37,506,514
10/13/2014 1:23,15.03,7.22,11.3,8.34,508,516
10/13/2014 1:26,15.02,7.25,10.9,8.31,510,518
10/13/2014 1:29,15.02,7.24,10.8,8.29,511,518
10/13/2014 1:32,15.01,7.25,10.9,8.27,513,515
10/13/2014 1:35,15.01,7.29,11.3,8.25,514,511
10/13/2014 1:38,15.01,7.17,11.8,8.23,516,507
10/13/2014 1:41,15.01,7.18,12.4,8.2,518,500
10/13/2014 1:44,15.02,7.17,13.1,8.18,519,494
10/13/2014 1:47,15.03,7.19,13,8.15,520,491
10/13/2014 1:50,15.04,7.08,13.1,8.14,522,489
10/13/2014 1:53,15.05,7.16,13.1,8.12,523,488
10/13/2014 1:56,15.05,7.1,12.7,8.11,524,490
10/13/2014 1:59,15.05,7.14,12.8,8.1,526,492
10/13/2014 2:02,15.06,7.02,12.3,8.09,526,494
10/13/2014 2:05,15.06,7.06,12.2,8.09,527,498
10/13/2014 2:08,15.06,7.08,12.1,8.08,528,501
10/13/2014 2:11,15.07,7.1,11.5,8.08,529,505
10/13/2014 2:14,15.09,7.04,11.8,8.07,530,509
10/13/2014 2:17,15.09,7.1,11.3,8.07,530,515
10/13/2014 2:20,15.09,7.01,10.6,8.07,531,519
10/13/2014 2:23,15.1,7.03,9.7,8.07,531,523
10/13/2014 2:26,15.1,7.11,9.3,8.07,531,528
10/13/2014 2:29,15.11,6.92,9.5,8.07,531,532
10/13/2014 2:32,15.12,7.11,8.7,8.07,531,536
10/13/2014 2:35,15.12,6.99,8.5,8.07,531,539
10/13/2014 2:38,15.13,6.96,8.1,8.07,531,543
10/13/2014 2:41,15.13,7.03,7.7,8.07,531,546
10/13/2014 2:44,15.13,7.05,7.6,8.08,530,548
10/13/2014 2:47,15.13,7.04,7.7,8.08,530,551
10/13/2014 2:50,15.13,7.05,7.5,8.08,530,553
10/13/2014 2:53,15.13,7.07,7.5,8.08,529,554
10/13/2014 2:56,15.14,6.98,7.3,8.08,530,555
10/13/2014 2:59,15.15,6.99,6.9,8.09,531,556
10/13/2014 3:02,15.15,7.05,7.1,8.08,532,556
10/13/2014 3:05,15.15,7.01,7.3,8.08,532,556
10/13/2014 3:08,15.15,7.08,6.8,8.08,533,556
10/13/2014 3:11,15.15,7.08,7.3,8.08,534,556
10/13/2014 3:14,15.15,7.06,7.5,8.08,534,556
10/13/2014 3:17,15.15,7.12,7.8,8.09,535,555
10/13/2014 3:20,15.15,6.94,9.7,8.09,535,554
10/13/2014 3:23,15.15,7.06,9.9,8.09,535,554
10/13/2014 3:26,15.15,7.06,9.6,8.08,534,553
10/13/2014 3:29,15.16,7.02,9.6,8.08,535,554
10/13/2014 3:32,15.16,6.97,9.4,8.08,535,554
10/13/2014 3:35,15.16,7.07,8.7,8.08,535,553
10/13/2014 3:38,15.16,7,8,8.09,535,554
10/13/2014 3:41,15.16,7.07,7.7,8.08,535,555
10/13/2014 3:44,15.16,7.02,8.3,8.08,533,555
10/13/2014 3:47,15.16,7.05,8.5,8.08,531,556
10/13/2014 3:50,15.17,6.98,8.5,8.09,532,557
10/13/2014 3:53,15.16,7.1,7.9,8.09,532,559
10/13/2014 3:56,15.16,7.07,7.4,8.09,532,560
10/13/2014 3:59,15.15,7.03,7.1,8.09,504,561
10/13/2014 4:02,15.15,6.87,6.5,8.1,514,562
10/13/2014 4:05,15.15,7.03,6.3,8.1,517,563
10/13/2014 4:08,15.15,7.11,6.1,8.1,520,565
10/13/2014 4:11,15.16,7.01,6.3,8.1,521,566
10/13/2014 4:14,15.17,7.02,6.2,8.1,522,568
10/13/2014 4:17,15.17,6.95,6,8.1,524,569
10/13/2014 4:20,15.16,7.08,6,8.1,525,570
10/13/2014 4:23,15.15,7.11,5.9,8.1,505,571
10/13/2014 4:26,15.14,6.99,5.9,8.1,511,572
10/13/2014 4:29,15.15,7.08,5.8,8.11,513,573
10/13/2014 4:32,15.15,7.03,5.8,8.11,515,574
10/13/2014 4:35,15.16,7.01,5.7,8.11,517,575
10/13/2014 4:38,15.16,6.93,5.8,8.11,518,576
10/13/2014 4:41,15.16,7.12,5.6,8.11,519,577
10/13/2014 4:44,15.16,7,5.6,8.11,520,578
10/13/2014 4:47,15.16,7.07,5.5,8.11,521,578
10/13/2014 4:50,15.16,7.1,5.6,8.11,523,579
10/13/2014 4:53,15.16,7.05,5.5,8.11,523,580
10/13/2014 4:56,15.16,7.01,5.6,8.11,524,581
10/13/2014 4:59,15.18,7,5.9,8.11,525,582
10/13/2014 5:02,15.18,7.16,5.3,8.11,525,583
10/13/2014 5:05,15.18,7.06,5.3,8.11,523,584
10/13/2014 5:08,15.18,6.99,5.1,8.11,524,584
10/13/2014 5:11,15.18,7.09,5.5,8.12,523,586
10/13/2014 5:14,15.19,7.07,5.2,8.11,524,587
10/13/2014 5:17,15.18,7.1,5.4,8.11,523,587
10/13/2014 5:20,15.17,7.04,5.1,8.11,523,588
10/13/2014 5:23,15.17,7.11,5.3,8.12,523,589
10/13/2014 5:26,15.17,7.01,5.3,8.12,524,590
10/13/2014 5:29,15.16,6.91,5.3,8.12,524,591
10/13/2014 5:32,15.17,7.03,5,8.12,525,592
10/13/2014 5:35,15.17,7,5.2,8.12,526,592
10/13/2014 5:38,15.18,7,4.9,8.12,525,593
10/13/2014 5:41,15.18,6.96,4.9,8.13,524,594
10/13/2014 5:44,15.18,6.96,4.9,8.13,524,595
10/13/2014 5:47,15.18,7.13,5.6,8.13,524,596
10/13/2014 5:50,15.18,7.08,5.9,8.13,524,596
10/13/2014 5:53,15.18,6.98,6.1,8.13,524,597
10/13/2014 5:56,15.18,6.97,6.2,8.13,525,598
10/13/2014 5:59,15.18,7,5.9,8.13,524,599
10/13/2014 6:02,15.18,6.95,5.6,8.13,524,600
10/13/2014 6:05,15.18,6.99,5.3,8.13,525,601
10/13/2014 6:08,15.17,7.05,5,8.13,526,601
10/13/2014 6:11,15.18,6.97,5,8.13,526,602
10/13/2014 6:14,15.18,6.99,5.1,8.13,527,603
10/13/2014 6:17,15.18,6.98,5,8.13,525,603
10/13/2014 6:20,15.18,7.07,5.1,8.13,524,604
10/13/2014 6:23,15.18,7.19,5.7,8.13,525,605
10/13/2014 6:26,15.19,7.1,6.4,8.14,525,605
10/13/2014 6:29,15.19,6.9,6.3,8.14,525,606
10/13/2014 6:32,15.19,7,6.2,8.13,524,607
10/13/2014 6:35,15.19,7.07,5.7,8.14,523,607
10/13/2014 6:38,15.19,7.1,5.5,8.14,519,608
10/13/2014 6:41,15.19,6.98,5.8,8.14,522,609
10/13/2014 6:44,15.2,7.14,7.1,8.14,524,609
10/13/2014 6:47,15.19,7,7,8.14,524,610
10/13/2014 6:50,15.19,7.12,6.8,8.14,524,610
10/13/2014 6:53,15.19,6.96,6.2,8.14,526,611
10/13/2014 6:56,15.2,7.01,5.9,8.14,523,612
10/13/2014 6:59,15.2,7.07,5.7,8.15,524,612
10/13/2014 7:02,15.21,7.07,5.5,8.15,525,613
10/13/2014 7:05,15.21,7.02,5.8,8.15,524,614
10/13/2014 7:08,15.2,6.92,6,8.15,517,614
10/13/2014 7:11,15.2,7.12,5.7,8.15,520,615
10/13/2014 7:14,15.2,7.01,5.6,8.15,522,616
10/13/2014 7:17,15.21,7.06,5.7,8.15,523,616
10/13/2014 7:20,15.21,7.06,6.6,8.15,522,617
10/13/2014 7:23,15.21,7.02,7,8.15,522,617
10/13/2014 7:26,15.21,7.12,7.4,8.15,522,618
10/13/2014 7:29,15.21,7.08,7.4,8.15,521,619
10/13/2014 7:32,15.21,7.06,7.3,8.15,520,619
10/13/2014 7:35,15.21,7.11,7.3,8.15,522,620
10/13/2014 7:38,15.22,6.99,7.9,8.16,524,620
10/13/2014 7:41,15.22,6.97,7,8.15,526,621
10/13/2014 7:44,15.22,6.97,7.1,8.15,526,622
10/13/2014 7:47,15.22,7.03,9.2,8.15,520,622
10/13/2014 7:50,15.23,7.07,10.4,8.15,521,623
10/13/2014 7:53,15.23,6.95,9.5,8.15,522,623
10/13/2014 7:56,15.24,6.98,9.1,8.15,519,624
10/13/2014 7:59,15.23,6.93,8.9,8.15,522,624
10/13/2014 8:02,15.23,7.06,7.4,8.15,522,625
10/13/2014 8:05,15.23,7.06,6.5,8.15,522,625
10/13/2014 8:08,15.23,6.99,5.8,8.15,524,625
10/13/2014 8:11,15.23,7.09,5.2,8.15,525,626
10/13/2014 8:14,15.23,7.14,5,8.16,526,627
10/13/2014 8:17,15.24,7.04,5,8.15,525,627
10/13/2014 8:20,15.24,6.99,4.9,8.15,526,627
10/13/2014 8:23,15.24,7.02,4.8,8.15,526,627
10/13/2014 8:26,15.25,6.99,5.5,8.15,526,628
10/13/2014 8:29,15.25,7.05,6,8.15,525,628
10/13/2014 8:32,15.26,7.05,6.2,8.15,526,628
10/13/2014 8:35,15.25,6.99,6.3,8.15,525,629
10/13/2014 8:38,15.24,7.08,6.2,8.15,526,629
10/13/2014 8:41,15.24,6.98,6.2,8.16,527,630
10/13/2014 8:44,15.24,6.95,6,8.16,526,630
10/13/2014 8:47,15.24,7.01,5.4,8.16,527,630
10/13/2014 8:50,15.25,7.06,5.5,8.16,525,630
10/13/2014 8:53,15.25,7.09,5.3,8.16,526,631
10/13/2014 8:56,15.25,7.1,5.1,8.16,523,631
10/13/2014 8:59,15.25,6.94,4.8,8.16,524,632
10/13/2014 9:02,15.26,7.01,4.4,8.17,526,632
10/13/2014 9:05,15.27,7.01,4.3,8.16,526,632
10/13/2014 9:08,15.27,7.04,4.3,8.16,526,633
10/13/2014 9:11,15.27,6.93,4,8.16,527,633
10/13/2014 9:14,15.27,6.98,4.3,8.16,524,634
10/13/2014 9:17,15.28,7.04,4,8.16,525,634
10/13/2014 9:20,15.28,7.04,4.2,8.16,526,634
10/13/2014 9:23,15.28,7.02,4.2,8.17,526,633
10/13/2014 9:26,15.27,7.17,4.5,8.17,526,630
10/13/2014 9:29,15.25,7.11,9.2,8.16,525,618
10/13/2014 9:32,15.22,7.22,14.2,8.16,524,591
10/13/2014 9:35,15.26,7.27,14.1,8.16,524,573
10/13/2014 9:38,15.34,7.24,14.1,8.15,524,548
10/13/2014 9:41,15.66,7.11,12.2,8.12,524,515
10/13/2014 9:44,15.78,7.08,11.7,8.11,524,484
10/13/2014 9:47,15.71,7.24,22.1,8.11,524,467
10/13/2014 9:50,15.66,7.22,31,8.11,523,461
10/13/2014 9:53,15.6,7.24,34,8.11,523,463
10/13/2014 9:56,15.57,7.3,34.1,8.11,521,470
10/13/2014 9:59,15.55,7.2,36.9,8.09,519,472
10/13/2014 10:02,15.54,7.15,40.8,8.09,516,476
10/13/2014 10:05,15.54,7.12,41.6,8.09,513,483
10/13/2014 10:08,15.55,7.15,40.9,8.08,510,485
10/13/2014 10:11,15.53,7.11,40.1,8.07,509,489
10/13/2014 10:14,15.52,7.01,40,8.07,509,494
10/13/2014 10:17,15.5,7.23,36.8,8.07,509,500
10/13/2014 10:20,15.47,7.19,34.6,8.08,507,509
10/13/2014 10:23,15.45,7.2,30.2,8.09,508,518
10/13/2014 10:26,15.43,7.16,27.6,8.1,507,529
10/13/2014 10:29,15.41,7.23,24,8.12,508,536
10/13/2014 10:32,15.4,7.14,21.8,8.13,508,544
10/13/2014 10:35,15.38,7.24,19.3,8.15,508,552
10/13/2014 10:38,15.36,7.22,17.1,8.17,508,559
10/13/2014 10:41,15.34,7.33,16.1,8.2,508,566
10/13/2014 10:44,15.32,7.34,14.5,8.22,508,572
10/13/2014 10:47,15.31,7.33,13.3,8.23,508,573
10/13/2014 10:50,15.31,7.3,12.8,8.23,509,573
10/13/2014 10:53,15.31,7.45,13.2,8.24,510,571
10/13/2014 10:56,15.31,7.26,13.6,8.24,510,566
10/13/2014 10:59,15.32,7.32,14.6,8.23,511,559
10/13/2014 11:02,15.33,7.37,15.5,8.22,512,552
10/13/2014 11:05,15.35,7.3,16,8.21,512,547
10/13/2014 11:08,15.36,7.16,16.2,8.2,514,543
10/13/2014 11:11,15.38,7.21,16.9,8.19,515,539
10/13/2014 11:14,15.4,7.22,16.4,8.18,515,538
10/13/2014 11:17,15.41,7.23,15.8,8.17,516,537
10/13/2014 11:20,15.43,7.18,15.5,8.16,517,538
10/13/2014 11:23,15.45,7.14,15.1,8.15,518,540
10/13/2014 11:26,15.46,7.1,14.4,8.14,519,542
10/13/2014 11:29,15.48,7.17,14,8.13,519,546
10/13/2014 11:32,15.49,7.14,13.2,8.13,520,550
10/13/2014 11:35,15.5,7.14,12.5,8.12,521,554
10/13/2014 11:38,15.52,7.07,11.8,8.12,522,558
10/13/2014 11:41,15.54,7.11,11.3,8.11,522,563
10/13/2014 11:44,15.56,7.2,11,8.11,522,566
10/13/2014 11:47,15.56,7.05,10.3,8.11,522,569
10/13/2014 11:50,15.57,7.04,11,8.1,523,573
10/13/2014 11:53,15.58,6.94,11.7,8.1,523,576
10/13/2014 11:56,15.6,6.93,11.5,8.1,523,579
10/13/2014 11:59,15.61,6.89,11.8,8.1,523,581
10/13/2014 12:02,15.62,7.03,12.5,8.1,524,583
10/13/2014 12:05,15.64,7.09,11.9,8.1,524,585
10/13/2014 12:08,15.65,7.13,10.7,8.1,524,586
10/13/2014 12:11,15.66,6.96,9.8,8.1,524,587
10/13/2014 12:14,15.68,7.14,8.7,8.1,524,588
10/13/2014 12:17,15.69,6.86,8.6,8.1,525,589
10/13/2014 12:20,15.71,7.08,8.9,8.1,524,589
10/13/2014 12:23,15.72,7.1,9.5,8.1,525,589
10/13/2014 12:26,15.73,7.09,8.8,8.11,525,589
10/13/2014 12:29,15.75,7.16,9,8.14,525,589
10/13/2014 12:32,15.77,7.03,8.6,8.21,524,590
10/13/2014 12:35,15.78,7.15,8.3,8.25,523,589
10/13/2014 12:38,15.8,6.89,8.5,8.26,521,589
10/13/2014 12:41,15.81,7.08,8.9,8.25,521,589
10/13/2014 12:44,15.83,7.04,8.6,8.23,522,590
10/13/2014 12:47,15.84,6.88,8.6,8.21,522,592
10/13/2014 12:50,15.86,7.11,8.2,8.19,523,594
10/13/2014 12:53,15.87,7.01,8.2,8.18,523,595
10/13/2014 12:56,15.89,6.95,7.9,8.16,524,596
10/13/2014 12:59,15.91,6.95,7.7,8.15,525,596
10/13/2014 13:02,15.92,7.04,7.3,8.14,525,597
10/13/2014 13:05,15.93,6.92,7.3,8.13,526,597
10/13/2014 13:08,15.93,7.07,7.5,8.13,527,597
10/13/2014 13:11,15.94,7.03,7.4,8.12,527,596
10/13/2014 13:14,15.95,7.07,6.9,8.12,528,596
10/13/2014 13:17,15.98,7,6.7,8.11,528,596
10/13/2014 13:20,16,7.03,6.6,8.11,529,597
10/13/2014 13:23,16,6.88,6.2,8.1,529,599
10/13/2014 13:26,16.02,6.97,6.1,8.1,530,602
10/13/2014 13:29,16.03,6.94,5.8,8.09,530,607
10/13/2014 13:32,16.05,7.06,5.8,8.09,531,611
10/13/2014 13:35,16.06,7.01,5.7,8.08,531,621
10/13/2014 13:38,16.08,6.97,5.7,8.05,532,646
10/13/2014 13:41,16.12,6.98,6.5,7.92,535,718
10/13/2014 13:44,16.18,6.98,7.5,7.66,524,828
10/13/2014 13:47,16.23,6.93,9.2,7.4,469,910
10/13/2014 13:50,16.28,7,10.5,7.22,433,945
10/13/2014 13:53,16.32,6.94,10.8,7.15,419,938
10/13/2014 13:56,16.35,6.98,10.8,7.12,415,914
10/13/2014 13:59,16.36,7.01,10.5,7.11,413,887
10/13/2014 14:02,16.36,6.94,9.9,7.1,416,874
10/13/2014 14:05,16.36,6.8,9.6,7.06,412,866
10/13/2014 14:08,16.36,6.83,9.6,7.03,413,864
10/13/2014 14:11,16.37,6.84,9.1,6.99,411,860
10/13/2014 14:14,16.35,6.91,8.7,7.01,411,838
10/13/2014 14:17,16.34,6.81,8.3,7.07,415,811
10/13/2014 14:20,16.32,6.98,7.8,7.16,412,778
10/13/2014 14:23,16.3,6.84,6.8,7.26,418,751
10/13/2014 14:26,16.29,6.95,6.4,7.34,423,736
10/13/2014 14:29,16.28,6.81,6.3,7.39,426,728
10/13/2014 14:32,16.27,6.87,6.1,7.4,425,728
10/13/2014 14:35,16.26,6.89,6.4,7.4,427,730
10/13/2014 14:38,16.25,6.83,6.6,7.39,425,736
10/13/2014 14:41,16.25,6.92,6.7,7.37,422,745
10/13/2014 14:44,16.25,6.86,7.1,7.33,417,757
10/13/2014 14:47,16.25,6.86,8,7.25,409,785
10/13/2014 14:50,16.25,6.96,9.1,7.09,403,838
10/13/2014 14:53,16.27,6.92,10.9,6.83,407,914
10/13/2014 14:56,16.29,6.9,12.8,6.5,422,1008
10/13/2014 14:59,16.31,6.8,14,6.05,453,1074
10/13/2014 15:02,16.34,6.86,14.2,5.05,548,1312
10/13/2014 15:05,16.37,6.91,15.6,3.71,658,1536
10/13/2014 15:08,16.39,6.62,15.8,3.32,679,1791
10/13/2014 15:11,16.4,6.67,15.4,3.12,689,1937
10/13/2014 15:14,16.43,6.63,14.8,2.99,694,1987
10/13/2014 15:17,16.44,6.87,14.4,2.89,698,2029
10/13/2014 15:20,16.45,6.85,13.7,2.8,702,2029
10/13/2014 15:23,16.46,6.78,13.5,2.81,702,2010
10/13/2014 15:26,16.48,6.67,13.1,2.84,703,1993
10/13/2014 15:29,16.49,6.8,12.2,2.82,699,1897
10/13/2014 15:32,16.5,6.79,11.2,2.86,697,1828
10/13/2014 15:35,16.49,6.79,10.5,2.92,694,1737
10/13/2014 15:38,16.5,6.83,9.5,3.01,690,1569
10/13/2014 15:41,16.51,6.82,8.8,3.14,682,1392
10/13/2014 15:44,16.5,6.81,8.1,3.34,671,1212
10/13/2014 15:47,16.48,6.71,7.4,3.87,632,1006
10/13/2014 15:50,16.47,6.71,7.1,4.84,567,906
10/13/2014 15:53,16.45,6.93,6.8,5.86,531,844
10/13/2014 15:56,16.45,6.8,6.6,6.16,515,820
10/13/2014 15:59,16.44,6.82,6,6.49,501,786
10/13/2014 16:02,16.44,6.89,5.8,6.67,492,767
10/13/2014 16:05,16.44,6.89,5.7,6.81,486,756
10/13/2014 16:08,16.44,6.87,5.8,6.91,478,743
10/13/2014 16:11,16.45,6.89,5.6,7.03,478,739
10/13/2014 16:14,16.44,7.04,5.4,7.13,474,722
10/13/2014 16:17,16.43,6.97,5.4,7.2,475,716
10/13/2014 16:20,16.43,6.98,5.4,7.28,475,708
10/13/2014 16:23,16.43,7,5.7,7.35,479,702
10/13/2014 16:26,16.44,6.93,4.6,7.41,471,700
10/13/2014 16:29,16.44,6.97,4.6,7.47,477,694
10/13/2014 16:32,16.45,6.87,4.8,7.51,483,691
10/13/2014 16:35,16.45,6.96,4.4,7.56,483,689
10/13/2014 16:38,16.45,6.96,4.3,7.6,487,686
10/13/2014 16:41,16.46,6.94,4.3,7.63,490,684
10/13/2014 16:44,16.47,6.87,4,7.67,492,682
10/13/2014 16:47,16.48,6.82,4.1,7.71,491,680
10/13/2014 16:50,16.48,6.98,4,7.73,491,678
10/13/2014 16:53,16.49,6.89,3.8,7.78,494,677
10/13/2014 16:56,16.5,6.87,3.9,7.81,497,675
10/13/2014 16:59,16.5,6.92,3.9,7.84,502,675
10/13/2014 17:02,16.5,7.02,3.8,7.87,504,674
10/13/2014 17:05,16.5,6.95,3.9,7.88,503,672
10/13/2014 17:08,16.5,6.87,3.5,7.91,505,672
10/13/2014 17:11,16.51,6.9,3.6,7.93,507,671
10/13/2014 17:14,16.51,6.9,3.5,7.94,507,670
10/13/2014 17:17,16.51,6.88,3.7,7.97,507,670
10/13/2014 17:20,16.51,6.98,3.6,7.99,510,669
10/13/2014 17:23,16.51,6.88,3.6,8,511,669
10/13/2014 17:26,16.51,6.94,3.7,8.02,511,668
10/13/2014 17:29,16.51,6.97,3.6,8.03,511,668
10/13/2014 17:32,16.51,6.94,3.6,8.04,510,668
10/13/2014 17:35,16.51,6.96,3.4,8.06,507,668
10/13/2014 17:38,16.51,6.87,3.4,8.06,508,668
10/13/2014 17:41,16.5,6.86,3.6,8.07,508,667
10/13/2014 17:44,16.5,6.88,3.6,8.08,506,668
10/13/2014 17:47,16.5,6.76,3.5,8.09,508,668
10/13/2014 17:50,16.5,6.83,3.5,8.1,508,668
10/13/2014 17:53,16.5,6.84,3.5,8.11,506,669
10/13/2014 17:56,16.5,6.98,3.6,8.11,507,668
10/13/2014 17:59,16.5,6.86,3.7,8.11,503,668
10/13/2014 18:02,16.49,6.94,3.6,8.12,502,669
10/13/2014 18:05,16.48,6.89,3.5,8.12,503,669
10/13/2014 18:08,16.48,6.89,3.6,8.13,503,669
10/13/2014 18:11,16.47,6.98,3,8.13,504,669
10/13/2014 18:14,16.47,6.92,3.5,8.14,497,669
10/13/2014 18:17,16.46,6.94,3.6,8.13,497,669
10/13/2014 18:20,16.46,6.98,3.7,8.14,495,669
10/13/2014 18:23,16.45,6.94,3.6,8.14,496,670
10/13/2014 18:26,16.45,6.74,3.6,8.14,498,670
10/13/2014 18:29,16.44,6.81,3.6,8.15,497,671
10/13/2014 18:32,16.45,6.92,3.5,8.15,496,671
10/13/2014 18:35,16.44,6.8,3.6,8.15,494,671
10/13/2014 18:38,16.43,6.89,3.4,8.16,492,672
10/13/2014 18:41,16.44,6.99,1645,8.16,494,672
10/13/2014 18:44,16.43,6.82,3.6,8.17,495,672
10/13/2014 18:47,16.43,6.96,3.7,8.16,495,672
10/13/2014 18:50,16.42,6.86,3.6,8.17,496,672
10/13/2014 18:53,16.42,6.86,3.7,8.17,498,672
10/13/2014 18:56,16.41,6.81,4.1,8.17,500,673
10/13/2014 18:59,16.41,6.91,3.8,8.18,500,673
10/13/2014 19:02,16.41,6.99,3.6,8.18,495,673
10/13/2014 19:05,16.4,6.9,3.8,8.18,499,673
10/13/2014 19:08,16.4,6.82,3.6,8.18,492,673
10/13/2014 19:11,16.39,6.81,3.7,8.18,495,673
10/13/2014 19:14,16.39,6.91,3.7,8.18,491,674
10/13/2014 19:17,16.39,6.79,4.4,8.19,494,674
10/13/2014 19:20,16.38,6.86,4.9,8.19,491,675
10/13/2014 19:23,16.38,6.88,4.6,8.19,486,675
10/13/2014 19:26,16.38,6.71,4.8,8.19,485,675
10/13/2014 19:29,16.37,6.86,4.7,8.19,487,675
10/13/2014 19:32,16.37,6.83,4.3,8.19,490,675
10/13/2014 19:35,16.37,6.82,4.2,8.19,492,675
10/13/2014 19:38,16.36,6.9,4.1,8.19,494,675
10/13/2014 19:41,16.35,6.82,4.1,8.2,494,676
10/13/2014 19:44,16.35,6.93,4,8.2,494,676
10/13/2014 19:47,16.35,6.86,4.1,8.19,493,676
10/13/2014 19:50,16.35,6.78,3.8,8.2,493,676
10/13/2014 19:53,16.34,6.85,3.8,8.2,492,676
10/13/2014 19:56,16.34,6.9,4,8.2,494,677
10/13/2014 19:59,16.33,6.93,3.7,8.2,496,677
10/13/2014 20:02,16.33,6.79,3.6,8.2,496,677
10/13/2014 20:05,16.32,6.91,3.8,8.2,496,677
10/13/2014 20:08,16.32,6.88,3.7,8.2,494,677
10/13/2014 20:11,16.32,6.85,3.8,8.2,492,678
10/13/2014 20:14,16.31,6.75,3.7,8.2,494,678
10/13/2014 20:17,16.31,6.86,4,8.19,491,678
10/13/2014 20:20,16.31,6.84,3.9,8.18,494,678
10/13/2014 20:23,16.3,6.84,3.8,8.18,493,678
10/13/2014 20:26,16.3,6.78,3.8,8.18,494,679
10/13/2014 20:29,16.3,6.85,3.7,8.18,489,679
10/13/2014 20:32,16.3,6.73,3.6,8.18,488,679
10/13/2014 20:35,16.3,6.78,3.6,8.18,490,679
10/13/2014 20:38,16.3,6.93,3.7,8.19,492,679
10/13/2014 20:41,16.29,6.67,3.5,8.18,496,679
10/13/2014 20:44,16.29,6.89,3.5,8.19,495,678
10/13/2014 20:47,16.29,6.78,3.6,8.18,491,678
10/13/2014 20:50,16.29,6.79,3.5,8.18,489,678
10/13/2014 20:53,16.29,6.89,3.6,8.18,489,678
10/13/2014 20:56,16.28,6.87,3.5,8.19,491,679
10/13/2014 20:59,16.28,6.82,3.9,8.19,489,679
10/13/2014 21:02,16.28,6.73,3.9,8.19,488,680
10/13/2014 21:05,16.28,6.9,3.8,8.2,491,680
10/13/2014 21:08,16.28,6.82,4.1,8.2,493,680
10/13/2014 21:11,16.28,6.82,3.9,8.2,496,680
10/13/2014 21:14,16.27,6.86,3.9,8.2,493,680
10/13/2014 21:17,16.27,6.84,3.9,8.2,497,680
10/13/2014 21:20,16.28,6.93,3.7,8.2,498,680
10/13/2014 21:23,16.28,6.82,3.8,8.2,497,681
10/13/2014 21:26,16.27,6.82,3.6,8.2,497,681
10/13/2014 21:29,16.27,6.89,3.5,8.21,499,681
10/13/2014 21:32,16.27,6.85,4.1,8.21,499,681
10/13/2014 21:35,16.26,6.76,4.6,8.21,500,681
10/13/2014 21:38,16.26,6.81,5.4,8.21,503,682
10/13/2014 21:41,16.26,6.81,6.3,8.21,504,682
10/13/2014 21:44,16.26,6.83,6.8,8.2,479,682
10/13/2014 21:47,16.26,6.9,7.6,8.21,481,682
10/13/2014 21:50,16.26,6.89,7.6,8.21,489,682
10/13/2014 21:53,16.26,6.84,7.2,8.21,493,682
10/13/2014 21:56,16.26,6.87,6.6,8.21,494,682
10/13/2014 21:59,16.25,6.81,6.3,8.21,495,683
10/13/2014 22:02,16.25,6.9,6,8.21,494,683
10/13/2014 22:05,16.25,6.98,5.8,8.21,495,683
10/13/2014 22:08,16.24,6.76,5.5,8.22,497,683
10/13/2014 22:11,16.25,6.92,5.1,8.22,497,683
10/13/2014 22:14,16.24,6.89,5,8.22,499,683
10/13/2014 22:17,16.24,6.78,4.3,8.22,496,683
10/13/2014 22:20,16.24,6.96,4.2,8.22,493,684
10/13/2014 22:23,16.24,6.81,4.1,8.22,497,684
10/13/2014 22:26,16.23,6.95,3.8,8.22,499,684
10/13/2014 22:29,16.23,6.98,3.7,8.22,501,684
10/13/2014 22:32,16.22,6.91,3.4,8.22,502,684
10/13/2014 22:35,16.23,6.91,3.5,8.22,503,684
10/13/2014 22:38,16.23,6.94,3.3,8.22,504,685
10/13/2014 22:41,16.23,6.8,3.3,8.22,505,685
10/13/2014 22:44,16.22,6.85,3.3,8.22,504,685
10/13/2014 22:47,16.22,6.83,3.2,8.22,505,684
10/13/2014 22:50,16.22,6.95,3.3,8.22,506,685
10/13/2014 22:53,16.22,6.84,3.4,8.23,507,685
10/13/2014 22:56,16.22,6.91,3.4,8.22,508,685
10/13/2014 22:59,16.22,6.81,3.3,8.22,507,685
10/13/2014 23:02,16.22,6.96,3.4,8.23,506,685
10/13/2014 23:05,16.22,6.96,3.5,8.23,503,685
10/13/2014 23:08,16.21,6.97,3.3,8.23,505,685
10/13/2014 23:11,16.21,6.85,3.2,8.23,506,686
10/13/2014 23:14,16.21,6.9,3.3,8.23,507,686
10/13/2014 23:17,16.21,6.85,3.1,8.23,503,686
10/13/2014 23:20,16.21,6.99,3.1,8.23,503,686
10/13/2014 23:23,16.21,6.94,3.1,8.23,495,686
10/13/2014 23:26,16.21,6.89,3.2,8.23,498,686
10/13/2014 23:29,16.21,6.93,3.2,8.24,498,686
10/13/2014 23:32,16.22,6.86,3.3,8.24,498,687
10/13/2014 23:35,16.22,6.91,3.4,8.24,495,687
10/13/2014 23:38,16.22,6.93,3.4,8.24,498,687
10/13/2014 23:41,16.22,6.95,4,8.25,500,687
10/13/2014 23:44,16.22,6.97,3.6,8.25,502,687
10/13/2014 23:47,16.21,6.91,3.5,8.25,505,687
10/13/2014 23:50,16.22,6.89,3.2,8.25,506,688
10/13/2014 23:53,16.22,6.9,3,8.26,508,688
10/13/2014 23:56,16.21,6.91,3.2,8.25,509,688
10/13/2014 23:59,16.21,6.98,3,8.26,510,689
10/14/2014 0:02,16.21,6.92,3,8.25,510,689
10/14/2014 0:05,16.21,6.97,3,8.25,511,689
10/14/2014 0:08,16.21,6.96,3.1,8.25,512,690
10/14/2014 0:11,16.21,7,3,8.25,512,690
10/14/2014 0:14,16.21,6.93,2.9,8.25,513,690
10/14/2014 0:17,16.21,6.89,2.9,8.25,512,690
10/14/2014 0:20,16.21,6.93,2.9,8.26,512,691
10/14/2014 0:23,16.21,6.95,2.9,8.26,512,691
10/14/2014 0:26,16.21,6.94,3.1,8.26,511,691
10/14/2014 0:29,16.21,6.94,3,8.26,509,692
10/14/2014 0:32,16.21,6.9,3,8.26,510,692
10/14/2014 0:35,16.22,6.86,2.9,8.26,508,692
10/14/2014 0:38,16.22,6.87,2.9,8.26,508,692
10/14/2014 0:41,16.22,6.91,2.9,8.26,509,692
10/14/2014 0:44,16.22,6.86,2.9,8.26,510,692
10/14/2014 0:47,16.22,6.92,2.9,8.26,511,693
10/14/2014 0:50,16.22,6.96,2.9,8.26,511,693
10/14/2014 0:53,16.22,6.92,2.9,8.26,510,693
10/14/2014 0:56,16.22,6.97,3,8.26,511,693
10/14/2014 0:59,16.22,6.9,2.8,8.26,511,693
10/14/2014 1:02,16.22,6.88,2.8,8.26,511,693
10/14/2014 1:05,16.22,6.92,2.9,8.26,510,694
10/14/2014 1:08,16.23,6.9,2.9,8.26,506,694
10/14/2014 1:11,16.23,6.89,2.8,8.26,507,694
10/14/2014 1:14,16.23,6.95,2.8,8.26,507,695
10/14/2014 1:17,16.23,6.96,3.1,8.26,507,695
10/14/2014 1:20,16.22,7.02,3,8.26,507,695
10/14/2014 1:23,16.22,6.92,3.1,8.26,506,695
10/14/2014 1:26,16.23,6.86,3.1,8.27,506,695
10/14/2014 1:29,16.23,6.94,3.2,8.27,507,695
10/14/2014 1:32,16.23,6.96,3.2,8.27,508,695
10/14/2014 1:35,16.23,6.76,2.9,8.27,509,695
10/14/2014 1:38,16.22,7,2.9,8.27,511,695
10/14/2014 1:41,16.22,7,3.1,8.27,507,695
10/14/2014 1:44,16.22,6.89,3.1,8.27,507,695
10/14/2014 1:47,16.23,6.85,3.2,8.27,509,696
10/14/2014 1:50,16.23,6.93,3.1,8.27,511,696
10/14/2014 1:53,16.23,6.83,3,8.27,511,696
10/14/2014 1:56,16.23,6.95,3.2,8.27,511,696
10/14/2014 1:59,16.23,6.9,2.9,8.27,507,696
10/14/2014 2:02,16.23,6.91,3,8.27,509,696
10/14/2014 2:05,16.23,6.85,3,8.27,508,696
10/14/2014 2:08,16.23,7.01,2.9,8.27,508,696
10/14/2014 2:11,16.24,6.9,2.8,8.28,506,696
10/14/2014 2:14,16.24,6.9,3,8.28,499,696
10/14/2014 2:17,16.24,6.9,2.9,8.28,501,696
10/14/2014 2:20,16.24,6.92,2.9,8.28,500,696
10/14/2014 2:23,16.24,6.9,3.2,8.27,502,696
10/14/2014 2:26,16.24,6.92,3.3,8.27,503,696
10/14/2014 2:29,16.24,6.98,3.1,8.28,505,697
10/14/2014 2:32,16.24,7.02,3,8.28,506,697
10/14/2014 2:35,16.24,6.84,3,8.27,502,697
10/14/2014 2:38,16.24,6.91,3.7,8.28,505,696
10/14/2014 2:41,16.24,6.85,3.5,8.27,505,696
10/14/2014 2:44,16.24,6.94,3.1,8.27,506,697
10/14/2014 2:47,16.24,6.91,3.1,8.28,501,697
10/14/2014 2:50,16.25,6.9,3.3,8.28,498,697
10/14/2014 2:53,16.24,6.88,3.3,8.27,500,705
10/14/2014 2:56,16.25,6.88,3.5,8.22,491,763
10/14/2014 2:59,16.26,6.87,4,8.09,479,854
10/14/2014 3:02,16.28,6.85,4.6,7.98,442,923
10/14/2014 3:05,16.31,6.87,5.1,7.87,414,980
10/14/2014 3:08,16.33,6.77,6,7.71,392,1008
10/14/2014 3:11,16.36,6.76,6.4,7.49,383,1025
10/14/2014 3:14,16.39,6.73,7.1,7.29,386,1024
10/14/2014 3:17,16.41,6.77,7.1,7.13,391,1015
10/14/2014 3:20,16.44,6.82,7.2,7.02,401,996
10/14/2014 3:23,16.46,6.81,6.9,6.95,409,979
10/14/2014 3:26,16.47,6.84,6.4,6.94,413,962
10/14/2014 3:29,16.49,6.7,6.4,6.96,415,945
10/14/2014 3:32,16.5,6.88,5.9,7,418,931
10/14/2014 3:35,16.5,6.66,5.6,7.06,418,915
10/14/2014 3:38,16.51,6.76,5.4,7.13,417,903
10/14/2014 3:41,16.51,6.87,5.3,7.19,421,895
10/14/2014 3:44,16.52,6.78,5.4,7.25,423,889
10/14/2014 3:47,16.52,6.72,5.6,7.3,422,884
10/14/2014 3:50,16.52,6.76,5.1,7.34,423,879
10/14/2014 3:53,16.52,6.74,4.8,7.39,421,876
10/14/2014 3:56,16.52,6.67,4.6,7.42,421,874
10/14/2014 3:59,16.52,6.84,4.6,7.46,422,873
10/14/2014 4:02,16.52,6.86,4.3,7.49,426,872
10/14/2014 4:05,16.52,6.67,4.4,7.52,429,872
10/14/2014 4:08,16.52,6.77,4.2,7.55,431,873
10/14/2014 4:11,16.52,6.72,4.2,7.58,426,873
10/14/2014 4:14,16.52,6.72,4.1,7.61,431,874
10/14/2014 4:17,16.52,6.73,3.9,7.64,433,876
10/14/2014 4:20,16.52,6.74,4,7.68,435,876
10/14/2014 4:23,16.51,6.82,3.9,7.71,440,873
10/14/2014 4:26,16.5,6.74,3.8,7.76,444,866
10/14/2014 4:29,16.5,6.69,3.7,7.81,449,853
10/14/2014 4:32,16.48,6.74,3.4,7.87,455,837
10/14/2014 4:35,16.47,6.69,3.5,7.92,460,824
10/14/2014 4:38,16.46,6.7,3.3,7.96,467,809
10/14/2014 4:41,16.44,6.78,3.3,8,470,792
10/14/2014 4:44,16.42,6.76,3.4,8.04,473,781
10/14/2014 4:47,16.41,6.83,3.2,8.07,476,771
10/14/2014 4:50,16.4,6.79,3.1,8.1,476,765
10/14/2014 4:53,16.39,6.85,3,8.12,479,756
10/14/2014 4:56,16.38,6.72,3,8.14,481,750
10/14/2014 4:59,16.37,6.84,2.9,8.15,484,746
10/14/2014 5:02,16.36,6.75,2.8,8.17,485,741
10/14/2014 5:05,16.35,6.9,3,8.18,487,737
10/14/2014 5:08,16.35,6.76,3.1,8.19,489,733
10/14/2014 5:11,16.35,6.89,4,8.2,490,731
10/14/2014 5:14,16.34,6.85,3.7,8.2,490,728
10/14/2014 5:17,16.35,6.92,3.4,8.21,492,726
10/14/2014 5:20,16.34,6.79,3.1,8.21,493,723
10/14/2014 5:23,16.34,6.77,3,8.22,493,721
10/14/2014 5:26,16.33,6.87,3,8.22,492,720
10/14/2014 5:29,16.33,6.89,3.1,8.22,493,719
10/14/2014 5:32,16.33,6.77,3.5,8.22,494,718
10/14/2014 5:35,16.33,6.76,3.8,8.22,496,717
10/14/2014 5:38,16.32,6.89,3.8,8.23,495,715
10/14/2014 5:41,16.33,6.89,3.7,8.23,495,714
10/14/2014 5:44,16.32,6.86,3.6,8.23,494,714
10/14/2014 5:47,16.32,6.84,3.6,8.23,495,713
10/14/2014 5:50,16.32,6.85,3.5,8.23,493,713
10/14/2014 5:53,16.32,6.86,3.3,8.23,495,713
10/14/2014 5:56,16.32,6.89,3.1,8.23,494,712
10/14/2014 5:59,16.32,6.83,3.1,8.23,490,712
10/14/2014 6:02,16.31,6.91,3,8.24,489,712
10/14/2014 6:05,16.31,6.72,2.7,8.24,488,711
10/14/2014 6:08,16.32,6.87,2.8,8.24,490,711
10/14/2014 6:11,16.32,6.78,2.8,8.24,491,712
10/14/2014 6:14,16.32,6.82,2.8,8.24,488,712
10/14/2014 6:17,16.33,6.79,2.7,8.24,492,711
10/14/2014 6:20,16.33,6.92,2.7,8.25,492,711
10/14/2014 6:23,16.33,6.82,2.8,8.25,493,710
10/14/2014 6:26,16.34,6.81,5.6,8.25,490,698
10/14/2014 6:29,16.39,6.86,8.4,8.27,489,661
10/14/2014 6:32,16.45,6.89,9.9,8.27,487,630
10/14/2014 6:35,16.51,7.07,9,8.27,487,613
10/14/2014 6:38,16.58,6.98,8.7,8.25,486,601
10/14/2014 6:41,16.84,6.61,10.2,8.2,486,601
10/14/2014 6:44,16.95,6.68,10.1,8.14,487,637
10/14/2014 6:47,16.91,6.7,13,8.12,490,691
10/14/2014 6:50,16.88,6.68,16.3,8.11,492,754
10/14/2014 6:53,16.86,6.73,19.3,8.1,493,775
10/14/2014 6:56,16.86,6.66,21.5,8.09,494,776
10/14/2014 6:59,16.84,6.65,21.1,8.07,496,778
10/14/2014 7:02,16.83,6.58,20.5,8.04,498,800
10/14/2014 7:05,16.81,6.6,18.3,7.94,500,846
10/14/2014 7:08,16.8,6.69,19.9,7.8,502,913
10/14/2014 7:11,16.79,6.51,20.3,7.64,501,968
10/14/2014 7:14,16.78,6.55,20.1,7.46,491,1031
10/14/2014 7:17,16.77,6.63,18.8,7.26,468,1104
10/14/2014 7:20,16.75,6.6,17.3,7.06,455,1158
10/14/2014 7:23,16.74,6.59,16.3,6.86,451,1206
10/14/2014 7:26,16.73,6.44,14.7,6.67,456,1248
10/14/2014 7:29,16.73,6.48,14.1,6.43,467,1293
10/14/2014 7:32,16.72,6.63,13,6.16,481,1338
10/14/2014 7:35,16.72,6.49,12.6,5.79,508,1383
10/14/2014 7:38,16.72,6.51,11.5,4.55,617,1566
10/14/2014 7:41,16.72,6.53,11,3.68,673,1726
10/14/2014 7:44,16.72,6.52,10.4,3.33,690,1878
10/14/2014 7:47,16.72,6.51,10.4,3.16,697,1985
10/14/2014 7:50,16.73,6.68,10.8,3.07,701,2092
10/14/2014 7:53,16.73,6.44,10.9,3.02,703,2142
10/14/2014 7:56,16.75,6.6,10.9,2.97,705,2160
10/14/2014 7:59,16.79,6.53,15.4,2.97,703,2068
10/14/2014 8:02,16.88,6.72,19.8,3,700,1910
10/14/2014 8:05,16.96,6.89,17.1,3.07,696,1740
10/14/2014 8:08,17.2,6.93,17.9,3.24,689,1400
10/14/2014 8:11,17.45,6.92,19.1,3.39,684,1237
10/14/2014 8:14,17.43,7.04,29.5,3.41,682,1235
10/14/2014 8:17,17.37,7,37.7,3.35,684,1332
10/14/2014 8:20,17.34,7,44.7,3.54,675,1261
10/14/2014 8:23,17.29,6.98,54.2,4.77,610,1063
10/14/2014 8:26,17.24,6.81,66.8,5.76,494,1002
10/14/2014 8:29,17.19,6.85,79.2,6.21,528,966
10/14/2014 8:32,17.16,6.76,82.4,6.44,525,947
10/14/2014 8:35,17.13,6.72,78,6.57,514,932
10/14/2014 8:38,17.11,6.61,68.4,6.66,514,917
10/14/2014 8:41,17.09,6.61,61.9,6.76,512,900
10/14/2014 8:44,17.07,6.59,53.6,6.84,509,887
10/14/2014 8:47,17.04,6.56,47.6,6.92,506,884
10/14/2014 8:50,17.02,6.62,41,6.98,502,888
10/14/2014 8:53,16.98,6.6,34.6,7.03,497,896
10/14/2014 8:56,16.95,6.64,31,7.06,448,907
10/14/2014 8:59,16.93,6.57,26.3,7.1,473,919
10/14/2014 9:02,16.91,6.61,24.5,7.12,479,931
10/14/2014 9:05,16.9,6.55,21.2,7.15,479,946
10/14/2014 9:08,16.89,6.58,20.4,7.16,478,964
10/14/2014 9:11,16.88,6.7,18.3,7.18,475,986
10/14/2014 9:14,16.88,6.59,17.4,7.2,472,1004
10/14/2014 9:17,16.87,6.52,15.6,7.22,470,1022
10/14/2014 9:20,16.87,6.61,14.6,7.25,468,1033
10/14/2014 9:23,16.86,6.59,13.5,7.27,466,1039
10/14/2014 9:26,16.84,6.66,12.4,7.3,465,1043
10/14/2014 9:29,16.83,6.62,11.9,7.34,465,1045
10/14/2014 9:32,16.83,6.61,11.7,7.37,464,1047
10/14/2014 9:35,16.82,6.61,11.2,7.4,464,1051
10/14/2014 9:38,16.82,6.6,10.7,7.42,463,1053
10/14/2014 9:41,16.82,6.63,10.7,7.44,465,1060
10/14/2014 9:44,16.82,6.55,11,7.46,466,1067
10/14/2014 9:47,16.83,6.56,10.8,7.46,467,1076
10/14/2014 9:50,16.84,6.53,11.1,7.48,466,1082
10/14/2014 9:53,16.84,6.66,11.4,7.48,465,1083
10/14/2014 9:56,16.85,6.45,11.6,7.49,462,1085
10/14/2014 9:59,16.86,6.54,11.5,7.49,464,1087
10/14/2014 10:02,16.87,6.31,11.7,7.51,463,1088
10/14/2014 10:05,16.88,6.55,11.8,7.52,464,1088
10/14/2014 10:08,16.89,6.48,11.3,7.53,465,1086
10/14/2014 10:11,16.9,6.45,11.2,7.55,466,1085
10/14/2014 10:14,16.91,6.29,11,7.55,466,1085
10/14/2014 10:17,16.92,6.41,10.9,7.56,467,1084
10/14/2014 10:20,16.92,6.41,10.4,7.57,461,1085
10/14/2014 10:23,16.93,6.5,10.1,7.57,461,1086
10/14/2014 10:26,16.93,6.38,9.6,7.57,462,1087
10/14/2014 10:29,16.93,6.49,9,7.57,462,1088
10/14/2014 10:32,16.94,6.34,9,7.58,463,1089
10/14/2014 10:35,16.95,6.47,8.7,7.57,460,1090
10/14/2014 10:38,16.95,6.5,8.6,7.59,460,1091
10/14/2014 10:41,16.95,6.42,8.3,7.59,461,1090
10/14/2014 10:44,16.96,6.25,8.1,7.59,411,1091
10/14/2014 10:47,16.96,6.38,7.5,7.6,445,1090
10/14/2014 10:50,16.97,6.39,7.3,7.6,455,1090
10/14/2014 10:53,16.97,6.49,7.1,7.62,459,1089
10/14/2014 10:56,16.97,6.34,6.7,7.62,461,1088
10/14/2014 10:59,16.97,6.4,6.8,7.64,462,1084
10/14/2014 11:02,16.97,6.44,6.7,7.65,462,1070
10/14/2014 11:05,16.97,6.34,6.5,7.67,461,1052
10/14/2014 11:08,16.95,6.48,6.3,7.7,464,1010
10/14/2014 11:11,16.94,6.41,6.1,7.75,467,963
10/14/2014 11:14,16.94,6.56,5.9,7.79,469,934
10/14/2014 11:17,16.92,6.56,6,7.83,406,884
10/14/2014 11:20,16.91,6.51,5.7,7.87,440,858
10/14/2014 11:23,16.9,6.47,5.4,7.9,453,831
10/14/2014 11:26,16.88,6.58,5.4,7.94,461,809
10/14/2014 11:29,16.87,6.54,5,7.96,466,793
10/14/2014 11:32,16.86,6.57,4.9,7.99,471,776
10/14/2014 11:35,16.86,6.56,5,8.01,470,763
10/14/2014 11:38,16.85,6.62,4.7,8.02,470,751
10/14/2014 11:41,16.85,6.57,4.8,8.04,473,742
10/14/2014 11:44,16.86,6.55,4.9,8.06,474,734
10/14/2014 11:47,16.84,6.61,4.5,8.07,471,727
10/14/2014 11:50,16.84,6.52,4.4,8.09,474,721
10/14/2014 11:53,16.84,6.56,4.4,8.1,476,716
10/14/2014 11:56,16.83,6.61,4.5,8.11,478,713
10/14/2014 11:59,16.81,6.55,4.2,8.12,477,710
10/14/2014 12:02,16.82,6.68,4.1,8.13,479,707
10/14/2014 12:05,16.8,6.69,4.3,8.14,482,703
10/14/2014 12:08,16.81,6.45,4.1,8.15,481,701
10/14/2014 12:11,16.81,6.59,4,8.16,483,699
10/14/2014 12:14,16.8,6.58,3.9,8.16,481,696
10/14/2014 12:17,16.79,6.61,3.9,8.16,481,694
10/14/2014 12:20,16.79,6.53,4,8.16,478,693
10/14/2014 12:23,16.79,6.65,4,8.17,480,690
10/14/2014 12:26,16.8,6.59,3.8,8.17,481,690
10/14/2014 12:29,16.79,6.65,4,8.18,476,689
10/14/2014 12:32,16.79,6.48,3.9,8.19,480,688
10/14/2014 12:35,16.8,6.53,3.8,8.19,481,688
10/14/2014 12:38,16.8,6.59,3.9,8.19,481,687
10/14/2014 12:41,16.8,6.51,4.6,8.2,482,687
10/14/2014 12:44,16.8,6.57,4.3,8.19,483,687
10/14/2014 12:47,16.8,6.66,4.4,8.19,484,687
10/14/2014 12:50,16.8,6.63,4,8.2,482,687
10/14/2014 12:53,16.81,6.33,3.7,8.2,479,687
10/14/2014 12:56,16.81,6.56,3.5,8.2,478,687
10/14/2014 12:59,16.81,6.51,3.6,8.21,479,687
10/14/2014 13:02,16.81,6.56,3.7,8.21,479,687
10/14/2014 13:05,16.81,6.61,3.6,8.22,479,688
10/14/2014 13:08,16.82,6.54,3.8,8.22,481,688
10/14/2014 13:11,16.83,6.52,4.4,8.23,481,688
10/14/2014 13:14,16.82,6.51,4.3,8.23,482,689
10/14/2014 13:17,16.84,6.65,4.3,8.22,480,690
10/14/2014 13:20,16.84,6.69,4.5,8.23,479,690
10/14/2014 13:23,16.84,6.67,4.7,8.23,482,690
10/14/2014 13:26,16.85,6.58,4.8,8.23,480,691
10/14/2014 13:29,16.87,6.47,4.7,8.23,483,691
10/14/2014 13:32,16.89,6.57,4.8,8.23,482,691
10/14/2014 13:35,16.9,6.49,4.5,8.23,481,691
10/14/2014 13:38,16.91,6.61,4.4,8.24,481,692
10/14/2014 13:41,16.93,6.44,4.1,8.23,475,692
10/14/2014 13:44,16.94,6.59,4,8.24,473,692
10/14/2014 13:47,16.96,6.62,3.8,8.24,472,691
10/14/2014 13:50,16.95,6.59,3.5,8.25,473,691
10/14/2014 13:53,16.96,6.69,3.6,8.25,472,691
10/14/2014 13:56,16.97,6.62,3.4,8.25,473,691
10/14/2014 13:59,16.97,6.64,3.1,8.26,468,692
10/14/2014 14:02,16.98,6.7,3,8.26,468,693
10/14/2014 14:05,16.98,6.62,2.8,8.26,465,693
10/14/2014 14:08,17,6.6,2.8,8.26,467,693
10/14/2014 14:11,17.01,6.75,2.8,8.27,460,693
10/14/2014 14:14,17.02,6.68,2.8,8.26,451,694
10/14/2014 14:17,17.06,6.66,2.7,8.27,453,694
10/14/2014 14:20,17.06,6.69,3,8.27,461,695
10/14/2014 14:23,17.05,6.51,3.1,8.27,460,696
10/14/2014 14:26,17.05,6.57,3,8.27,465,697
10/14/2014 14:29,17.05,6.75,2.8,8.27,463,697
10/14/2014 14:32,17.07,6.71,142.6,8.27,462,697
10/14/2014 14:35,17.08,6.54,2.6,8.28,463,698
10/14/2014 14:38,17.1,6.69,2.8,8.28,465,698
10/14/2014 14:41,17.11,6.76,2.7,8.28,467,699
10/14/2014 14:44,17.1,6.72,2.8,8.28,463,699
10/14/2014 14:47,17.1,6.7,2.8,8.28,467,700
10/14/2014 14:50,17.12,6.69,2.6,8.28,469,700
10/14/2014 14:53,17.14,6.65,2.8,8.29,471,700
10/14/2014 14:56,17.14,6.67,2.8,8.29,463,701
10/14/2014 14:59,17.16,6.62,2.7,8.28,455,701
10/14/2014 15:02,17.16,6.82,2.9,8.29,461,701
10/14/2014 15:05,17.18,6.7,2.9,8.29,462,702
10/14/2014 15:08,17.19,6.67,2.8,8.29,467,702
10/14/2014 15:11,17.19,6.58,2.7,8.3,467,703
10/14/2014 15:14,17.21,6.51,2.8,8.29,467,703
10/14/2014 15:17,17.21,6.61,2.6,8.3,466,704
10/14/2014 15:20,17.24,6.66,2.6,8.3,465,704
10/14/2014 15:23,17.24,6.5,2.6,8.3,464,704
10/14/2014 15:26,17.25,6.7,2.6,8.3,467,704
10/14/2014 15:29,17.24,6.65,2.6,8.31,466,705
10/14/2014 15:32,17.26,6.64,2.6,8.31,465,705
10/14/2014 15:35,17.27,6.6,3.1,8.31,458,706
10/14/2014 15:38,17.26,6.52,2.7,8.31,454,706
10/14/2014 15:41,17.27,6.52,2.7,8.31,458,706
10/14/2014 15:44,17.28,6.56,2.6,8.31,461,707
10/14/2014 15:47,17.28,6.57,2.6,8.31,451,707
10/14/2014 15:50,17.29,6.6,2.5,8.31,458,707
10/14/2014 15:53,17.31,6.55,2.5,8.31,457,707
10/14/2014 15:56,17.33,6.49,2.6,8.31,459,708
10/14/2014 15:59,17.34,6.56,2.5,8.31,453,708
10/14/2014 16:02,17.34,6.45,2.7,8.31,452,709
10/14/2014 16:05,17.35,6.63,2.6,8.31,448,709
10/14/2014 16:08,17.36,6.5,2.8,8.31,453,708
10/14/2014 16:11,17.37,6.63,2.9,8.31,459,709
10/14/2014 16:14,17.37,6.48,3,8.32,415,709
10/14/2014 16:17,17.38,6.5,3.1,8.31,429,709
10/14/2014 16:20,17.38,6.41,3.2,8.31,442,710
10/14/2014 16:23,17.38,6.53,3.3,8.31,451,710
10/14/2014 16:26,17.38,6.39,3.3,8.31,453,710
10/14/2014 16:29,17.39,6.62,3,8.31,447,710
10/14/2014 16:32,17.39,6.61,3.1,8.31,451,710
10/14/2014 16:35,17.39,6.44,3,8.31,453,710
10/14/2014 16:38,17.39,6.5,2.9,8.31,450,710
10/14/2014 16:41,17.41,6.49,2.9,8.32,452,711
10/14/2014 16:44,17.39,6.53,2.8,8.32,453,712
10/14/2014 16:47,17.39,6.41,2.9,8.32,452,712
10/14/2014 16:50,17.39,6.34,2.8,8.32,456,712
10/14/2014 16:53,17.37,6.5,2.9,8.32,458,712
10/14/2014 16:56,17.38,6.46,2.9,8.31,462,712
10/14/2014 16:59,17.39,6.62,3,8.32,456,712
10/14/2014 17:02,17.37,6.44,3,8.32,453,712
10/14/2014 17:05,17.36,6.57,3,8.32,447,713
10/14/2014 17:08,17.36,6.63,3.1,8.32,451,713
10/14/2014 17:11,17.35,6.43,2.9,8.32,455,713
10/14/2014 17:14,17.35,6.68,3,8.31,457,713
10/14/2014 17:17,17.35,6.36,3.8,8.31,456,713
10/14/2014 17:20,17.35,6.44,3.1,8.31,358,712
10/14/2014 17:23,17.34,6.49,2.8,8.31,394,713
10/14/2014 17:26,17.33,6.57,2.7,8.31,414,713
10/14/2014 17:29,17.34,6.44,2.8,8.3,414,714
10/14/2014 17:32,17.35,6.37,2.5,8.31,417,714
10/14/2014 17:35,17.33,6.51,2.6,8.31,422,714
10/14/2014 17:38,17.34,6.37,2.5,8.32,431,714
10/14/2014 17:41,17.32,6.47,2.6,8.32,429,714
10/14/2014 17:44,17.31,6.51,2.5,8.32,432,714
10/14/2014 17:47,17.32,6.4,2.7,8.32,422,714
10/14/2014 17:50,17.32,6.49,2.5,8.32,430,715
10/14/2014 17:53,17.31,6.34,2.9,8.32,424,715
10/14/2014 17:56,17.31,6.47,2.7,8.32,424,715
10/14/2014 17:59,17.31,6.5,2.8,8.32,421,715
10/14/2014 18:02,17.3,6.39,2.6,8.33,428,715
10/14/2014 18:05,17.29,6.64,2.6,8.32,404,715
10/14/2014 18:08,17.29,6.51,2.7,8.32,423,715
10/14/2014 18:11,17.29,6.58,2.7,8.32,427,716
10/14/2014 18:14,17.3,6.32,2.6,8.32,374,716
10/14/2014 18:17,17.28,6.51,2.6,8.32,417,716
10/14/2014 18:20,17.28,6.42,2.5,8.32,266,716
10/14/2014 18:23,17.29,6.38,2.7,8.32,375,716
10/14/2014 18:26,17.28,6.41,2.6,8.32,412,716
10/14/2014 18:29,17.27,6.51,2.6,8.32,424,716
10/14/2014 18:32,17.27,6.49,2.6,8.32,423,717
10/14/2014 18:35,17.27,6.37,2.6,8.32,416,717
10/14/2014 18:38,17.27,6.49,2.7,8.32,423,717
10/14/2014 18:41,17.27,6.5,2.9,8.32,436,718
10/14/2014 18:44,17.27,6.29,2.6,8.32,441,718
10/14/2014 18:47,17.26,6.42,2.6,8.32,443,718
10/14/2014 18:50,17.26,6.48,2.6,8.32,442,718
10/14/2014 18:53,17.26,6.37,2.6,8.32,442,718
10/14/2014 18:56,17.25,6.39,2.6,8.32,447,718
10/14/2014 18:59,17.25,6.28,2.6,8.32,450,718
10/14/2014 19:02,17.25,6.46,2.6,8.32,455,719
10/14/2014 19:05,17.27,6.4,2.6,8.32,457,719
10/14/2014 19:08,17.25,6.34,2.8,8.32,458,719
10/14/2014 19:11,17.25,6.59,3,8.32,457,719
10/14/2014 19:14,17.25,6.38,2.7,8.32,460,718
10/14/2014 19:17,17.24,6.46,2.7,8.32,457,719
10/14/2014 19:20,17.25,6.44,2.9,8.33,459,718
10/14/2014 19:23,17.24,6.48,2.8,8.32,457,719
10/14/2014 19:26,17.24,6.33,2.8,8.32,452,719
10/14/2014 19:29,17.24,6.28,2.8,8.32,453,719
10/14/2014 19:32,17.24,6.69,3.3,8.32,459,720
10/14/2014 19:35,17.24,6.4,3.3,8.32,460,720
10/14/2014 19:38,17.24,6.41,3.1,8.32,455,719
10/14/2014 19:41,17.24,6.42,3,8.32,456,719
10/14/2014 19:44,17.24,6.36,3,8.32,455,719
10/14/2014 19:47,17.23,6.46,2.8,8.32,457,720
10/14/2014 19:50,17.23,6.62,2.9,8.33,456,720
10/14/2014 19:53,17.23,6.42,2.6,8.32,451,720
10/14/2014 19:56,17.24,6.46,2.7,8.32,441,720
10/14/2014 19:59,17.23,6.42,2.8,8.33,435,720
10/14/2014 20:02,17.23,6.44,2.6,8.33,446,720
10/14/2014 20:05,17.23,6.55,2.8,8.33,449,720
10/14/2014 20:08,17.23,6.46,2.6,8.33,448,720
10/14/2014 20:11,17.23,6.36,2.9,8.32,453,721
10/14/2014 20:14,17.23,6.41,2.9,8.33,448,721
10/14/2014 20:17,17.24,6.54,2.9,8.33,449,721
10/14/2014 20:20,17.23,6.42,2.8,8.33,443,721
10/14/2014 20:23,17.23,6.45,2.9,8.32,447,721
10/14/2014 20:26,17.22,6.55,2.8,8.32,445,721
10/14/2014 20:29,17.22,6.5,2.9,8.32,263,721
10/14/2014 20:32,17.22,6.45,2.8,8.32,385,721
10/14/2014 20:35,17.23,6.36,2.8,8.32,321,721
10/14/2014 20:38,17.22,6.49,2.7,8.32,316,721
10/14/2014 20:41,17.21,6.43,2.8,8.31,383,722
10/14/2014 20:44,17.21,6.38,2.9,8.32,418,722
10/14/2014 20:47,17.22,6.38,2.6,8.31,418,722
10/14/2014 20:50,17.22,6.34,2.7,8.31,425,722
10/14/2014 20:53,17.21,6.45,2.6,8.32,436,722
10/14/2014 20:56,17.21,6.37,2.5,8.31,436,721
10/14/2014 20:59,17.21,6.3,2.6,8.31,338,722
10/14/2014 21:02,17.21,6.41,2.5,8.31,411,722
10/14/2014 21:05,17.21,6.55,2.6,8.32,404,722
10/14/2014 21:08,17.21,6.38,2.6,8.32,261,722
10/14/2014 21:11,17.21,6.5,2.5,8.32,390,723
10/14/2014 21:14,17.21,6.32,2.5,8.32,395,723
10/14/2014 21:17,17.21,6.38,2.6,8.32,424,723
10/14/2014 21:20,17.2,6.6,2.7,8.32,374,723
10/14/2014 21:23,17.2,6.43,2.6,8.32,408,723
10/14/2014 21:26,17.2,6.5,2.6,8.33,429,723
10/14/2014 21:29,17.21,6.38,2.6,8.33,358,723
10/14/2014 21:32,17.21,6.41,2.6,8.32,413,723
10/14/2014 21:35,17.21,6.41,2.5,8.32,420,723
10/14/2014 21:38,17.2,6.42,2.6,8.32,427,723
10/14/2014 21:41,17.19,6.47,2.5,8.32,439,723
10/14/2014 21:44,17.19,6.47,2.6,8.32,446,724
10/14/2014 21:47,17.19,6.51,2.5,8.32,422,724
10/14/2014 21:50,17.2,6.27,2.4,8.33,432,724
10/14/2014 21:53,17.2,6.43,2.7,8.33,441,724
10/14/2014 21:56,17.2,6.46,2.5,8.33,436,724
10/14/2014 21:59,17.2,6.48,2.7,8.33,438,724
10/14/2014 22:02,17.2,6.29,2.5,8.33,445,724
10/14/2014 22:05,17.2,6.39,2.5,8.33,447,724
10/14/2014 22:08,17.18,6.43,2.5,8.33,451,724
10/14/2014 22:11,17.19,6.44,2.5,8.33,453,724
10/14/2014 22:14,17.19,6.36,2.6,8.34,450,723
10/14/2014 22:17,17.2,6.48,2.5,8.34,450,723
10/14/2014 22:20,17.2,6.4,2.8,8.33,448,722
10/14/2014 22:23,17.19,6.52,3,8.33,450,721
10/14/2014 22:26,17.2,6.46,3.4,8.33,448,721
10/14/2014 22:29,17.21,6.33,3.4,8.33,450,720
10/14/2014 22:32,17.23,6.36,3.3,8.32,450,718
10/14/2014 22:35,17.24,6.32,3.4,8.32,449,716
10/14/2014 22:38,17.24,6.39,3.5,8.32,454,714
10/14/2014 22:41,17.23,6.33,3.2,8.32,456,713
10/14/2014 22:44,17.24,6.35,3.4,8.31,450,712
10/14/2014 22:47,17.23,6.32,3.4,8.31,450,712
10/14/2014 22:50,17.23,6.26,3.2,8.31,450,711
10/14/2014 22:53,17.23,6.34,3.2,8.3,450,710
10/14/2014 22:56,17.24,6.38,4.5,8.3,447,704
10/14/2014 22:59,17.26,6.45,5.3,8.3,445,695
10/14/2014 23:02,17.28,6.42,5.6,8.3,447,690
10/14/2014 23:05,17.29,6.37,6,8.29,452,686
10/14/2014 23:08,17.28,6.38,5.4,8.29,445,686
10/14/2014 23:11,17.29,6.35,5,8.29,446,685
10/14/2014 23:14,17.29,6.4,5.5,8.28,443,684
10/14/2014 23:17,17.3,6.26,6.2,8.28,440,682
10/14/2014 23:20,17.32,6.25,7.1,8.27,437,680
10/14/2014 23:23,17.32,6.35,7.4,8.27,438,681
10/14/2014 23:26,17.32,6.32,7.8,8.26,440,682
10/14/2014 23:29,17.31,6.27,9,8.26,430,682
10/14/2014 23:32,17.31,6.31,9.7,8.26,433,682
10/14/2014 23:35,17.3,6.39,9.8,8.26,438,682
10/14/2014 23:38,17.3,6.33,10.1,8.26,444,684
10/14/2014 23:41,17.29,6.36,10.3,8.26,418,685
10/14/2014 23:44,17.28,6.36,10.4,8.25,423,686
10/14/2014 23:47,17.27,6.32,10.6,8.25,428,687
10/14/2014 23:50,17.28,6.3,10.7,8.25,433,685
10/14/2014 23:53,17.28,6.39,10.6,8.25,443,681
10/14/2014 23:56,17.34,6.46,13.8,8.26,426,655
10/14/2014 23:59,17.52,6.78,19.6,8.28,433,585
10/15/2014 0:02,17.67,7.13,20.3,8.29,441,518
10/15/2014 0:05,18.14,6.86,22.1,8.27,448,433
10/15/2014 0:08,18.22,7.05,30.7,8.28,452,397
10/15/2014 0:11,18.17,7.04,46.9,8.27,456,392
10/15/2014 0:14,18.04,6.95,41.1,8.25,459,435
10/15/2014 0:17,17.94,6.89,38.5,8.21,465,503
10/15/2014 0:20,17.87,6.95,41.4,8.19,467,535
10/15/2014 0:23,17.85,6.96,48.5,8.19,467,531
10/15/2014 0:26,17.87,6.94,51.9,8.2,466,504
10/15/2014 0:29,17.89,6.96,51.7,8.2,465,470
10/15/2014 0:32,17.9,6.94,52.4,8.19,407,449
10/15/2014 0:35,17.9,6.98,50.7,8.18,434,455
10/15/2014 0:38,17.86,6.95,47.3,8.19,447,485
10/15/2014 0:41,17.8,6.93,40.5,8.21,453,514
10/15/2014 0:44,17.76,6.92,35.8,8.23,456,514
10/15/2014 0:47,17.78,7.04,32.1,8.25,458,485
10/15/2014 0:50,17.99,7.21,33.1,8.3,459,393
10/15/2014 0:53,18.32,7.39,33.4,8.33,457,303
10/15/2014 0:56,18.35,7.36,43.4,8.32,459,291
10/15/2014 0:59,18.25,7.4,51.8,8.32,462,309
10/15/2014 1:02,18.26,7.32,72,8.32,463,287
10/15/2014 1:05,18.32,7.49,95.7,8.32,461,251
10/15/2014 1:08,18.36,7.53,86.8,8.29,463,232
10/15/2014 1:11,18.26,7.8,76.7,8.32,460,172
10/15/2014 1:14,18.28,7.94,68.3,8.35,455,119
10/15/2014 1:17,18.25,7.95,100.3,8.33,461,137
10/15/2014 1:20,18.28,7.97,168.6,8.38,458,105
10/15/2014 1:23,18.25,7.93,191.9,8.35,458,108
10/15/2014 1:26,18.18,7.85,141.8,8.33,464,129
10/15/2014 1:29,18.07,7.77,139.2,8.3,468,158
10/15/2014 1:32,18.13,7.76,133.6,8.33,465,124
10/15/2014 1:35,18.13,7.8,114.2,8.34,465,104
10/15/2014 1:38,18.1,7.73,120.7,8.29,469,108
10/15/2014 1:41,18.07,7.71,137.8,8.25,472,110
10/15/2014 1:44,18.04,7.67,132.6,8.21,475,113
10/15/2014 1:47,18.01,7.65,120.2,8.21,478,113
10/15/2014 1:50,17.96,7.7,104.3,8.2,479,109
10/15/2014 1:53,17.81,7.83,86,8.22,479,93
10/15/2014 1:56,17.55,7.96,67.4,8.25,478,78
10/15/2014 1:59,17.45,8,65.6,8.2,481,76
10/15/2014 2:02,17.38,8.05,70.8,8.19,483,73
10/15/2014 2:05,17.38,8.03,72.4,8.22,483,75
10/15/2014 2:08,17.39,7.98,68.6,8.22,486,87
10/15/2014 2:11,17.35,7.98,68.9,8.21,488,100
10/15/2014 2:14,17.26,8.01,66.5,8.22,488,93
10/15/2014 2:17,17.17,8.03,59.5,8.21,488,90
10/15/2014 2:20,17.15,7.99,72.6,8.2,489,91
10/15/2014 2:23,17.16,7.99,76.8,8.16,491,91
10/15/2014 2:26,17.15,7.95,73.6,8.18,490,87
10/15/2014 2:29,17.12,7.96,69.7,8.18,491,83
10/15/2014 2:32,17.09,7.93,63.9,8.17,492,81
10/15/2014 2:35,17.06,7.99,59.7,8.16,493,82
10/15/2014 2:38,17.03,7.95,56.5,8.15,495,86
10/15/2014 2:41,17.02,7.92,55.5,8.13,497,91
10/15/2014 2:44,17.02,7.91,54.8,8.13,499,97
10/15/2014 2:47,17.02,7.88,55,8.14,500,103
10/15/2014 2:50,17.03,7.89,55,8.13,502,108
10/15/2014 2:53,17.04,7.85,58.2,8.13,503,111
10/15/2014 2:56,17.05,7.79,58.8,8.1,504,113
10/15/2014 2:59,17.05,7.79,59.2,8.12,505,115
10/15/2014 3:02,17.06,7.76,58,8.11,506,118
10/15/2014 3:05,17.07,7.72,56,8.1,507,121
10/15/2014 3:08,17.07,7.72,54.6,8.09,508,126
10/15/2014 3:11,17.08,7.72,53.1,8.08,509,129
10/15/2014 3:14,17.08,7.69,52.5,8.06,511,134
10/15/2014 3:17,17.09,7.68,51.2,8.06,511,138
10/15/2014 3:20,17.09,7.66,49.1,8.07,512,140
10/15/2014 3:23,17.1,7.62,49.1,8.07,512,142
10/15/2014 3:26,17.1,7.64,47.9,8.07,513,145
10/15/2014 3:29,17.1,7.62,47.3,8.06,514,146
10/15/2014 3:32,17.1,7.6,46.3,8.07,514,149
10/15/2014 3:35,17.09,7.6,45.5,8.06,516,153
10/15/2014 3:38,17.09,7.59,44.9,8.07,516,156
10/15/2014 3:41,17.09,7.6,45.2,8.06,517,159
10/15/2014 3:44,17.08,7.54,44,8.06,517,164
10/15/2014 3:47,17.08,7.54,43.5,8.04,519,169
10/15/2014 3:50,17.06,7.52,43,8.04,519,175
10/15/2014 3:53,17.06,7.5,43,8.04,520,180
10/15/2014 3:56,17.05,7.5,52.7,8.03,521,186
10/15/2014 3:59,17.05,7.47,46.5,8.03,521,191
10/15/2014 4:02,17.03,7.47,45.3,8.04,522,197
10/15/2014 4:05,17.04,7.43,44.3,8.03,523,202
10/15/2014 4:08,17.03,7.38,42.7,8.03,522,207
10/15/2014 4:11,17.02,7.39,40.4,8.03,522,213
10/15/2014 4:14,17.01,7.4,40,8.03,523,217
10/15/2014 4:17,17,7.37,38.9,8.03,523,221
10/15/2014 4:20,17,7.37,38.3,8.03,524,225
10/15/2014 4:23,16.99,7.31,37.4,8.04,524,229
10/15/2014 4:26,16.98,7.25,38.3,8.04,524,232
10/15/2014 4:29,16.98,7.26,34.7,8.05,525,235
10/15/2014 4:32,16.97,7.25,34.8,8.05,525,238
10/15/2014 4:35,16.97,7.35,33.9,8.05,526,242
10/15/2014 4:38,16.96,7.37,33.7,8.05,526,244
10/15/2014 4:41,16.97,7.35,31.9,8.05,526,246
10/15/2014 4:44,16.96,7.35,31.1,8.05,526,249
10/15/2014 4:47,16.95,7.3,31,8.05,527,249
10/15/2014 4:50,16.95,7.3,30.6,8.05,527,250
10/15/2014 4:53,16.94,7.4,29.8,8.05,527,249
10/15/2014 4:56,16.94,7.27,28.5,8.05,526,247
10/15/2014 4:59,16.95,7.37,27.6,8.06,526,243
10/15/2014 5:02,16.93,7.4,26.6,8.06,485,241
10/15/2014 5:05,16.91,7.49,27,8.05,499,240
10/15/2014 5:08,16.89,7.52,27.2,8.05,505,237
10/15/2014 5:11,16.86,7.57,26.4,8.04,509,236
10/15/2014 5:14,16.85,7.54,26,8.04,511,235
10/15/2014 5:17,16.83,7.49,26.3,8.04,513,236
10/15/2014 5:20,16.82,7.52,25.4,8.04,514,237
10/15/2014 5:23,16.82,7.54,25.6,8.04,515,237
10/15/2014 5:26,16.8,7.6,23.8,8.04,516,238
10/15/2014 5:29,16.8,7.52,23.2,8.04,516,241
10/15/2014 5:32,16.8,7.61,22.7,8.04,517,245
10/15/2014 5:35,16.79,7.53,22.8,8.04,517,247
10/15/2014 5:38,16.77,7.53,22.9,8.04,517,247
10/15/2014 5:41,16.75,7.52,21.9,8.06,516,245
10/15/2014 5:44,16.75,7.6,23,8.05,515,243
10/15/2014 5:47,16.75,7.61,21,8.05,515,242
10/15/2014 5:50,16.75,7.54,20.7,8.06,515,240
10/15/2014 5:53,16.74,7.65,20,8.05,516,241
10/15/2014 5:56,16.72,7.65,19.7,8.05,516,245
10/15/2014 5:59,16.71,7.62,19.8,8.05,517,250
10/15/2014 6:02,16.71,7.64,19.3,8.05,517,255
10/15/2014 6:05,16.7,7.58,19.3,8.06,518,259
10/15/2014 6:08,16.7,7.6,19.3,8.06,518,264
10/15/2014 6:11,16.69,7.57,19.3,8.06,518,268
10/15/2014 6:14,16.68,7.59,19.1,8.06,518,272
10/15/2014 6:17,16.68,7.6,18.9,8.06,518,275
10/15/2014 6:20,16.68,7.54,19,8.07,518,278
10/15/2014 6:23,16.68,7.58,18.4,8.06,518,280
10/15/2014 6:26,16.68,7.48,18.4,8.06,518,282
10/15/2014 6:29,16.67,7.5,18.3,8.05,519,282
10/15/2014 6:32,16.67,7.51,18.5,8.05,519,284
10/15/2014 6:35,16.66,7.47,18.4,8.05,519,285
10/15/2014 6:38,16.66,7.42,18.1,8.06,519,287
10/15/2014 6:41,16.65,7.47,17.8,8.05,519,289
10/15/2014 6:44,16.64,7.42,17.7,8.05,520,293
10/15/2014 6:47,16.64,7.42,18.2,8.05,520,297
10/15/2014 6:50,16.63,7.34,18,8.06,521,300
10/15/2014 6:53,16.63,7.37,18,8.06,521,304
10/15/2014 6:56,16.62,7.31,17.8,8.06,522,308
10/15/2014 6:59,16.61,7.29,17.9,8.06,523,312
10/15/2014 7:02,16.61,7.24,18,8.06,523,316
10/15/2014 7:05,16.61,7.21,17.4,8.06,524,319
10/15/2014 7:08,16.61,7.27,17.3,8.06,525,323
10/15/2014 7:11,16.6,7.3,17.2,8.06,526,326
10/15/2014 7:14,16.59,7.31,17.1,8.06,526,329
10/15/2014 7:17,16.59,7.29,17,8.07,527,332
10/15/2014 7:20,16.58,7.23,17.1,8.07,527,335
10/15/2014 7:23,16.58,7.13,17.4,8.07,528,338
10/15/2014 7:26,16.58,7.18,16.9,8.07,528,341
10/15/2014 7:29,16.58,7.22,16.9,8.07,529,344
10/15/2014 7:32,16.58,7.22,16.6,8.07,529,347
10/15/2014 7:35,16.57,7.13,16.8,8.07,529,350
10/15/2014 7:38,16.57,7.19,16.6,8.07,529,353
10/15/2014 7:41,16.56,7.15,16.9,8.08,529,357
10/15/2014 7:44,16.55,7.24,16.7,8.09,529,361
10/15/2014 7:47,16.55,7.16,16.8,8.09,530,364
10/15/2014 7:50,16.55,7.14,16.8,8.09,530,367
10/15/2014 7:53,16.55,7.17,18.4,8.1,530,370
10/15/2014 7:56,16.55,7.17,20.3,8.1,530,374
10/15/2014 7:59,16.54,7.17,18.4,8.1,530,377
10/15/2014 8:02,16.54,7.11,17.5,8.1,530,380
10/15/2014 8:05,16.54,7.19,16.7,8.11,530,383
10/15/2014 8:08,16.53,7.17,17.2,8.11,530,385
10/15/2014 8:11,16.53,7.13,16.2,8.11,530,388
10/15/2014 8:14,16.52,7.08,17.3,8.12,530,392
10/15/2014 8:17,16.52,7.18,17.2,8.12,530,394
10/15/2014 8:20,16.52,7.18,17,8.12,530,397
10/15/2014 8:23,16.52,7.11,16.7,8.12,530,400
10/15/2014 8:26,16.52,7.19,16.7,8.12,530,402
10/15/2014 8:29,16.52,7.1,15.6,8.12,531,405
10/15/2014 8:32,16.51,7.05,15.8,8.13,531,407
10/15/2014 8:35,16.51,7.2,15.3,8.13,531,410
10/15/2014 8:38,16.5,7.03,15.5,8.13,531,413
10/15/2014 8:41,16.5,7.08,15.6,8.13,531,416
10/15/2014 8:44,16.5,7.14,15.9,8.14,530,418
10/15/2014 8:47,16.5,7.1,15.6,8.14,530,420
10/15/2014 8:50,16.5,7.08,15.7,8.14,531,423
10/15/2014 8:53,16.5,7.04,16.8,8.14,530,424
10/15/2014 8:56,16.5,7.18,16.2,8.15,530,427
10/15/2014 8:59,16.5,7.09,15,8.15,530,429
10/15/2014 9:02,16.49,7.12,15.7,8.15,531,431
10/15/2014 9:05,16.49,7.17,14.9,8.15,531,433
10/15/2014 9:08,16.49,7.1,14.8,8.16,531,434
10/15/2014 9:11,16.49,7.11,14.8,8.15,531,438
10/15/2014 9:14,16.49,7.12,14.5,8.16,531,440
10/15/2014 9:17,16.48,7.11,14.8,8.16,531,442
10/15/2014 9:20,16.48,7.15,16.4,8.16,532,443
10/15/2014 9:23,16.48,7.06,16.5,8.16,532,445
10/15/2014 9:26,16.48,7.16,15.6,8.16,531,447
10/15/2014 9:29,16.47,7.12,17.6,8.16,531,449
10/15/2014 9:32,16.47,7.13,16.2,8.16,532,451
10/15/2014 9:35,16.47,7.1,16.2,8.16,532,452
10/15/2014 9:38,16.47,7.14,14.7,8.17,531,454
10/15/2014 9:41,16.46,7.07,13.5,8.17,531,456
10/15/2014 9:44,16.46,7.06,13,8.17,530,457
10/15/2014 9:47,16.46,7.07,13.1,8.17,530,459
10/15/2014 9:50,16.46,7.2,12.9,8.18,530,461
10/15/2014 9:53,16.46,7.18,12.8,8.18,453,463
10/15/2014 9:56,16.47,7.16,12.6,8.18,476,465
10/15/2014 9:59,16.47,7.15,12.4,8.18,488,467
10/15/2014 10:02,16.47,7.14,12.6,8.19,495,468
10/15/2014 10:05,16.47,7.19,12.5,8.19,499,470
10/15/2014 10:08,16.47,7.09,12.1,8.19,504,472
10/15/2014 10:11,16.47,7.21,12.2,8.2,507,474
10/15/2014 10:14,16.47,7.12,12.1,8.2,510,476
10/15/2014 10:17,16.46,7.26,12,8.2,512,477
10/15/2014 10:20,16.47,7.11,11.6,8.2,514,479
10/15/2014 10:23,16.47,7.15,12.1,8.2,516,480
10/15/2014 10:26,16.48,7.25,11.6,8.2,516,482
10/15/2014 10:29,16.48,7.19,11.6,8.2,518,483
10/15/2014 10:32,16.48,7.17,11.4,8.2,519,485
10/15/2014 10:35,16.48,7.17,11.5,8.2,519,486
10/15/2014 10:38,16.49,7.27,11.2,8.21,520,488
10/15/2014 10:41,16.51,7.23,11.5,8.21,520,490
10/15/2014 10:44,16.5,7.21,10.9,8.21,521,491
10/15/2014 10:47,16.5,7.14,11,8.22,522,492
10/15/2014 10:50,16.51,7.17,11,8.22,522,494
10/15/2014 10:53,16.51,7.3,11.8,8.22,523,495
10/15/2014 10:56,16.52,7.16,10.9,8.22,523,497
10/15/2014 10:59,16.53,7.21,10.8,8.22,523,498
10/15/2014 11:02,16.54,7.23,10.7,8.22,524,500
10/15/2014 11:05,16.53,7.21,10.6,8.22,525,504
10/15/2014 11:08,16.55,7.19,10.8,8.21,525,506
10/15/2014 11:11,16.56,7.22,10.7,8.22,525,508
10/15/2014 11:14,16.57,7.17,10.6,8.22,525,512
10/15/2014 11:17,16.58,7.1,10.7,8.22,483,518
10/15/2014 11:20,16.6,7.22,10.5,8.22,496,524
10/15/2014 11:23,16.6,7.14,10.4,8.22,503,529
10/15/2014 11:26,16.6,7.22,10.3,8.22,507,534
10/15/2014 11:29,16.6,7.14,10.5,8.22,510,537
10/15/2014 11:32,16.61,7.19,10.2,8.21,512,539
10/15/2014 11:35,16.61,7.26,10.3,8.22,514,541
10/15/2014 11:38,16.63,7.25,10,8.21,515,542
10/15/2014 11:41,16.65,7.13,10,8.22,516,543
10/15/2014 11:44,16.66,7.3,10,8.22,517,544
10/15/2014 11:47,16.65,7.14,9.9,8.22,518,544
10/15/2014 11:50,16.66,7.15,9.8,8.22,519,545
10/15/2014 11:53,16.68,7.16,9.6,8.22,519,546
10/15/2014 11:56,16.68,7.13,9.6,8.22,518,548
10/15/2014 11:59,16.69,7.17,9.4,8.22,519,549
10/15/2014 12:02,16.71,7.25,9.4,8.22,519,551
10/15/2014 12:05,16.71,7.18,9.4,8.22,519,553
10/15/2014 12:08,16.71,7.14,9.3,8.21,519,556
10/15/2014 12:11,16.71,7.18,9.2,8.2,519,558
10/15/2014 12:14,16.73,7.23,9.2,8.19,520,562
10/15/2014 12:17,16.73,7.13,9.2,8.18,520,565
10/15/2014 12:20,16.75,7.13,9.3,8.17,521,570
10/15/2014 12:23,16.76,7.03,9.1,8.14,521,575
10/15/2014 12:26,16.76,7.24,9,8.13,522,581
10/15/2014 12:29,16.77,7.19,9.2,8.1,522,587
10/15/2014 12:32,16.79,7.22,8.9,8.06,520,593
10/15/2014 12:35,16.8,7.19,9.2,8.04,518,599
10/15/2014 12:38,16.82,7.18,9.1,8,513,606
10/15/2014 12:41,16.85,7.08,9.1,7.96,507,614
10/15/2014 12:44,16.87,7.12,9.3,7.92,496,622
10/15/2014 12:47,16.9,7.18,9.2,7.88,485,628
10/15/2014 12:50,16.92,7.15,9.3,7.83,471,636
10/15/2014 12:53,16.94,7.22,9.4,7.8,461,642
10/15/2014 12:56,16.96,7.14,9.4,7.75,450,651
10/15/2014 12:59,16.98,7.2,9.3,7.7,441,657
10/15/2014 13:02,17,7.14,9.3,7.65,434,665
10/15/2014 13:05,17.01,7.02,9.4,7.6,430,671
10/15/2014 13:08,17.03,7.12,9.4,7.56,427,676
10/15/2014 13:11,17.05,7.15,9.6,7.51,423,682
10/15/2014 13:14,17.05,7.12,9.9,7.47,424,687
10/15/2014 13:17,17.05,7.08,9.7,7.42,424,692
10/15/2014 13:20,17.05,7.16,9.8,7.37,422,696
10/15/2014 13:23,17.05,7.11,9.7,7.33,423,699
10/15/2014 13:26,17.05,7.02,9.9,7.3,425,701
10/15/2014 13:29,17.05,7.05,10.1,7.26,427,703
10/15/2014 13:32,17.06,6.98,9.8,7.22,427,707
10/15/2014 13:35,17.07,7.01,10,7.12,433,725
10/15/2014 13:38,17.09,7.12,11.3,6.79,444,796
10/15/2014 13:41,17.11,6.86,12.6,6.2,476,885
10/15/2014 13:44,17.13,6.99,13.1,3.99,626,1093
10/15/2014 13:47,17.15,7.05,13.1,3.24,693,1389
10/15/2014 13:50,17.18,6.93,13.4,3.05,703,1620
10/15/2014 13:53,17.2,6.96,14,2.92,708,1803
10/15/2014 13:56,17.22,6.86,13.9,2.86,709,1890
10/15/2014 13:59,17.24,6.9,14,2.81,712,1965
10/15/2014 14:02,17.26,6.94,13.9,2.81,712,1946
10/15/2014 14:05,17.28,6.75,13.3,2.83,699,1880
10/15/2014 14:08,17.31,6.88,12.6,2.88,631,1779
10/15/2014 14:11,17.33,6.83,12,2.94,687,1670
10/15/2014 14:14,17.37,6.81,11.5,3.01,688,1535
10/15/2014 14:17,17.39,6.9,10.8,3.13,682,1367
10/15/2014 14:20,17.41,6.8,10.5,3.23,677,1262
10/15/2014 14:23,17.43,6.94,10.1,3.36,671,1153
10/15/2014 14:26,17.45,6.96,10,3.56,660,1031
10/15/2014 14:29,17.46,6.74,9.8,3.83,635,922
10/15/2014 14:32,17.48,6.87,9.5,4.47,609,810
10/15/2014 14:35,17.49,6.91,9.5,5.59,554,780
10/15/2014 14:38,17.51,7,9.2,6.04,531,761
10/15/2014 14:41,17.52,6.84,10.2,6.26,521,748
10/15/2014 14:44,17.52,6.86,8.9,6.44,514,737
10/15/2014 14:47,17.52,7.02,8.6,6.55,510,732
10/15/2014 14:50,17.53,6.97,8.3,6.65,506,726
10/15/2014 14:53,17.54,6.95,8.3,6.72,498,723
10/15/2014 14:56,17.56,6.82,8.3,6.77,503,719
10/15/2014 14:59,17.57,6.76,8,6.81,501,717
10/15/2014 15:02,17.58,6.98,8.1,6.85,498,714
10/15/2014 15:05,17.57,6.82,8,6.87,499,713
10/15/2014 15:08,17.58,6.85,7.6,6.89,498,713
10/15/2014 15:11,17.56,6.83,7.7,6.91,497,714
10/15/2014 15:14,17.55,6.88,8,6.93,497,714
10/15/2014 15:17,17.55,6.73,7.5,6.96,497,714
10/15/2014 15:20,17.56,6.9,7.5,6.98,496,714
10/15/2014 15:23,17.57,6.79,7.3,7,496,715
10/15/2014 15:26,17.58,6.86,7.3,7.01,495,715
10/15/2014 15:29,17.6,6.87,7.2,7.03,491,714
10/15/2014 15:32,17.59,6.77,7.1,7.05,493,714
10/15/2014 15:35,17.6,6.81,7.4,7.06,462,714
10/15/2014 15:38,17.59,6.84,7,7.08,483,714
10/15/2014 15:41,17.59,6.9,7.1,7.11,485,711
10/15/2014 15:44,17.58,6.84,7.2,7.16,486,703
10/15/2014 15:47,17.58,6.88,7.3,7.22,486,695
10/15/2014 15:50,17.56,6.75,9.1,7.29,485,685
10/15/2014 15:53,17.53,6.85,9.8,7.37,484,673
10/15/2014 15:56,17.5,6.87,8.8,7.45,483,665
10/15/2014 15:59,17.48,6.81,7.7,7.51,481,659
10/15/2014 16:02,17.48,6.78,7.2,7.57,482,653
10/15/2014 16:05,17.47,6.87,7,7.63,484,650
10/15/2014 16:08,17.46,6.84,6.4,7.69,429,644
10/15/2014 16:11,17.45,6.73,6.3,7.75,474,640
10/15/2014 16:14,17.42,6.91,6.5,7.81,480,637
10/15/2014 16:17,17.41,6.89,6.3,7.85,486,635
10/15/2014 16:20,17.39,6.89,6.2,7.89,491,633
10/15/2014 16:23,17.39,6.82,6.3,7.92,495,632
10/15/2014 16:26,17.37,6.87,6.3,7.96,497,630
10/15/2014 16:29,17.37,6.95,6.1,7.99,455,629
10/15/2014 16:32,17.36,6.97,5.9,8.02,474,629
10/15/2014 16:35,17.36,6.91,5.9,8.05,-36,628
10/15/2014 16:38,17.36,6.86,6,8.08,427,628
10/15/2014 16:41,17.36,6.92,5.9,8.1,458,628
10/15/2014 16:44,17.35,6.92,7.8,8.12,467,627
10/15/2014 16:47,17.34,6.91,5.7,8.14,478,627
10/15/2014 16:50,17.33,6.96,5.8,8.16,344,627
10/15/2014 16:53,17.32,6.79,6.1,8.17,446,627
10/15/2014 16:56,17.31,6.87,6.4,8.19,465,627
10/15/2014 16:59,17.3,6.98,6.5,8.2,474,628
10/15/2014 17:02,17.29,6.92,6.2,8.21,482,629
10/15/2014 17:05,17.29,6.88,5.9,8.22,482,629
10/15/2014 17:08,17.27,6.9,6.1,8.22,436,630
10/15/2014 17:11,17.26,6.86,6.6,8.23,475,630
10/15/2014 17:14,17.25,6.96,6,8.23,484,631
10/15/2014 17:17,17.24,6.94,5.7,8.24,462,632
10/15/2014 17:20,17.23,6.94,5.7,8.25,480,633
10/15/2014 17:23,17.22,6.92,5.9,8.25,486,633
10/15/2014 17:26,17.2,6.83,5.4,8.25,488,634
10/15/2014 17:29,17.19,6.74,5.7,8.26,490,634
10/15/2014 17:32,17.17,6.94,5.9,8.27,475,636
10/15/2014 17:35,17.16,6.85,5.6,8.27,483,636
10/15/2014 17:38,17.15,6.88,5.4,8.27,209,637
10/15/2014 17:41,17.14,6.93,5,8.27,431,638
10/15/2014 17:44,17.12,6.77,5.2,8.27,455,639
10/15/2014 17:47,17.11,6.8,5.2,8.26,463,640
10/15/2014 17:50,17.1,6.87,5.1,8.27,471,641
10/15/2014 17:53,17.09,6.84,5.3,8.28,476,642
10/15/2014 17:56,17.08,6.85,6,8.28,339,642
10/15/2014 17:59,17.07,6.87,5.1,8.28,433,643
10/15/2014 18:02,17.07,6.89,4.9,8.28,454,644
10/15/2014 18:05,17.06,6.73,4.6,8.28,448,645
10/15/2014 18:08,17.04,6.86,4.7,8.28,462,646
10/15/2014 18:11,17.03,6.89,4.7,8.28,469,646
10/15/2014 18:14,17.02,6.78,4.7,8.28,475,647
10/15/2014 18:17,17.02,6.84,4.7,8.28,476,649
10/15/2014 18:20,17.01,6.85,4.7,8.28,479,649
10/15/2014 18:23,17,6.86,4.8,8.28,481,650
10/15/2014 18:26,16.99,6.86,4.8,8.28,483,650
10/15/2014 18:29,16.99,6.68,4.5,8.28,485,651
10/15/2014 18:32,16.98,6.79,4.5,8.28,487,652
10/15/2014 18:35,16.97,6.79,4.5,8.28,483,652
10/15/2014 18:38,16.97,6.79,4.5,8.28,487,653
10/15/2014 18:41,16.96,6.8,4.5,8.28,435,654
10/15/2014 18:44,16.95,6.76,48.3,8.27,460,655
10/15/2014 18:47,16.95,6.72,4.9,8.27,472,655
10/15/2014 18:50,16.94,6.73,4.7,8.28,477,656
10/15/2014 18:53,16.92,6.95,4.5,8.28,479,656
10/15/2014 18:56,16.91,6.76,4.5,8.29,483,657
10/15/2014 18:59,16.9,6.88,4.4,8.28,486,657
10/15/2014 19:02,16.9,6.84,4.5,8.28,487,658
10/15/2014 19:05,16.89,6.84,4.3,8.29,488,658
10/15/2014 19:08,16.89,6.93,4.7,8.29,488,659
10/15/2014 19:11,16.87,6.82,4.3,8.29,489,659
10/15/2014 19:14,16.87,6.74,4.4,8.29,492,660
10/15/2014 19:17,16.87,6.86,4.3,8.3,491,661
10/15/2014 19:20,16.86,6.8,4.4,8.3,430,661
10/15/2014 19:23,16.85,6.82,4.4,8.3,444,661
10/15/2014 19:26,16.85,6.79,4.3,8.3,324,661
10/15/2014 19:29,16.84,6.78,4.3,8.31,430,662
10/15/2014 19:32,16.83,6.85,207.7,8.31,453,662
10/15/2014 19:35,16.82,6.78,5.7,8.3,412,662
10/15/2014 19:38,16.81,6.79,4.2,8.3,427,663
10/15/2014 19:41,16.8,6.8,4.4,8.31,453,663
10/15/2014 19:44,16.79,6.79,4.4,8.31,463,664
10/15/2014 19:47,16.78,6.89,4.6,8.31,457,664
10/15/2014 19:50,16.77,6.77,4.3,8.31,467,664
10/15/2014 19:53,16.76,6.86,4.3,8.31,399,665
10/15/2014 19:56,16.76,6.75,4.2,8.31,446,665
10/15/2014 19:59,16.75,6.93,4.2,8.31,459,665
10/15/2014 20:02,16.74,6.74,4.3,8.31,469,666
10/15/2014 20:05,16.73,6.79,4.5,8.31,475,666
10/15/2014 20:08,16.72,6.83,4.3,8.31,478,666
10/15/2014 20:11,16.71,6.7,4.3,8.31,479,666
10/15/2014 20:14,16.7,6.84,19.3,8.32,483,667
10/15/2014 20:17,16.69,6.87,5.7,8.32,484,667
10/15/2014 20:20,16.68,6.85,4.2,8.32,486,667
10/15/2014 20:23,16.66,6.87,4.3,8.32,486,668
10/15/2014 20:26,16.65,6.92,4.2,8.33,486,668
10/15/2014 20:29,16.64,6.87,4.1,8.33,487,668
10/15/2014 20:32,16.63,6.8,4.1,8.33,487,669
10/15/2014 20:35,16.61,6.88,4.4,8.33,488,669
10/15/2014 20:38,16.6,6.87,4.1,8.33,489,669
10/15/2014 20:41,16.58,6.86,4.4,8.33,491,669
10/15/2014 20:44,16.57,6.82,4.3,8.34,491,669
10/15/2014 20:47,16.56,6.96,4.3,8.34,492,670
10/15/2014 20:50,16.55,6.79,4.4,8.34,462,670
10/15/2014 20:53,16.54,6.83,4.5,8.34,476,670
10/15/2014 20:56,16.53,6.83,4.3,8.34,481,671
10/15/2014 20:59,16.52,6.8,4.3,8.35,483,671
10/15/2014 21:02,16.51,6.99,4.3,8.34,485,672
10/15/2014 21:05,16.5,6.79,4.2,8.34,486,672
10/15/2014 21:08,16.49,6.92,4.1,8.34,488,672
10/15/2014 21:11,16.48,6.84,4.1,8.35,484,672
10/15/2014 21:14,16.47,6.88,4.1,8.35,487,672
10/15/2014 21:17,16.46,6.92,4.1,8.35,488,673
10/15/2014 21:20,16.45,6.97,4.1,8.35,489,673
10/15/2014 21:23,16.44,6.98,4.1,8.35,490,673
10/15/2014 21:26,16.43,6.94,4.1,8.35,490,673
10/15/2014 21:29,16.42,6.9,4,8.35,492,673
10/15/2014 21:32,16.41,6.86,4,8.35,390,674
10/15/2014 21:35,16.39,6.92,4.4,8.35,437,674
10/15/2014 21:38,16.38,6.81,4.5,8.35,454,674
10/15/2014 21:41,16.37,6.87,4.3,8.36,465,674
10/15/2014 21:44,16.36,6.89,4.2,8.36,472,674
10/15/2014 21:47,16.35,6.94,4.2,8.36,402,675
10/15/2014 21:50,16.35,6.85,4.2,8.36,452,675
10/15/2014 21:53,16.34,6.87,4.2,8.36,460,675
10/15/2014 21:56,16.33,6.9,4.1,8.36,471,675
10/15/2014 21:59,16.31,6.88,4.4,8.36,476,675
10/15/2014 22:02,16.31,6.86,4.2,8.36,480,676
10/15/2014 22:05,16.3,6.88,4.2,8.36,483,676
10/15/2014 22:08,16.3,6.87,4.3,8.36,450,676
10/15/2014 22:11,16.29,6.89,4.6,8.36,471,676
10/15/2014 22:14,16.28,6.9,4.8,8.36,477,676
10/15/2014 22:17,16.27,6.8,4.6,8.36,482,676
10/15/2014 22:20,16.26,6.87,4.4,8.37,484,677
10/15/2014 22:23,16.25,6.96,4.4,8.37,483,677
10/15/2014 22:26,16.24,7.05,4.3,8.37,486,677
10/15/2014 22:29,16.22,6.93,4.3,8.37,473,677
10/15/2014 22:32,16.21,6.87,4.4,8.37,480,677
10/15/2014 22:35,16.21,6.89,4.8,8.37,484,677
10/15/2014 22:38,16.2,6.93,4.8,8.37,484,677
10/15/2014 22:41,16.19,6.93,4.8,8.37,487,677
10/15/2014 22:44,16.19,6.93,4.7,8.37,485,677
10/15/2014 22:47,16.18,6.92,4.5,8.37,488,678
10/15/2014 22:50,16.19,6.89,4.3,8.37,489,678
10/15/2014 22:53,16.18,6.94,4.4,8.37,491,678
10/15/2014 22:56,16.17,6.95,4.3,8.37,460,678
10/15/2014 22:59,16.17,6.99,4.1,8.37,473,678
10/15/2014 23:02,16.16,6.98,4,8.37,479,678
10/15/2014 23:05,16.15,6.96,3.9,8.37,484,679
10/15/2014 23:08,16.14,6.84,3.8,8.36,487,679
10/15/2014 23:11,16.13,6.86,3.8,8.37,488,679
10/15/2014 23:14,16.12,6.85,4.1,8.37,490,679
10/15/2014 23:17,16.11,6.84,3.9,8.37,492,679
10/15/2014 23:20,16.1,6.88,3.9,8.37,492,680
10/15/2014 23:23,16.1,6.9,3.9,8.37,493,681
10/15/2014 23:26,16.09,6.89,3.9,8.37,494,681
10/15/2014 23:29,16.09,6.93,3.8,8.37,495,681
10/15/2014 23:32,16.09,6.97,3.9,8.37,496,681
10/15/2014 23:35,16.08,6.96,3.9,8.37,497,682
10/15/2014 23:38,16.08,6.86,3.8,8.37,458,682
10/15/2014 23:41,16.08,6.93,3.8,8.37,473,682
10/15/2014 23:44,16.08,6.94,3.9,8.37,475,681
10/15/2014 23:47,16.06,6.91,3.8,8.37,476,681
10/15/2014 23:50,16.06,6.89,4,8.37,479,681
10/15/2014 23:53,16.05,6.95,3.8,8.37,484,681
10/15/2014 23:56,16.04,6.91,3.7,8.37,487,681
10/15/2014 23:59,16.04,7.01,4,8.37,491,681
